FirstName,LastName,Height,Weight,Position,DOB,Uniform,City,State,College,Exp,Injury,TimeInjured,InsideScoring,PotInside,JumpShot,PotJumpShot,FtShot,PotFtShot,3pShot,Pot3pShot,3pUsage,Handling,PotHandling,Passing,PotPassing,PostDefense,PotPostDefense,PerimeterDefense,PotPerimeterDefense,Stealing,PotStealing,Blocking,PotBlocking,OReb,PotOReb,DReb,PotDReb,Fouling,Strength,Quickness,Jumping,Stamina,Team,Contract1,Contract2,Contract3,Contract4,Contract5,Contract6,Contract7,BirdYears,Option,Picname,InjuryAvoidance
Ivory,Sanner,80,221,PF,11/6/2011,51,Paxton,IL,None,5,,0,2,5,2,5,2,5,2,5,2,2,5,2,5,2,5,2,5,2,5,2,5,2,5,2,5,2,2,2,2,2,FA,0,0,0,0,0,0,0,0,None,,29
Carter,Alva,76,169,PG,7/21/2009,21,Rose Hill,KS,Belmont,0,,0,2,5,2,5,2,5,2,5,11,2,5,2,5,2,5,2,5,2,5,2,2,2,5,2,4,51,2,2,2,57,Draft,0,0,0,0,0,0,0,0,None,,64
Didier,Phillis,69,159,SG,7/11/2012,10,East Ridge,TN,None,2,,0,22,52,33,46,15,38,8,15,15,13,16,22,35,30,45,22,41,17,33,32,48,43,60,36,42,23,27,19,20,58,REN,0,0,0,0,0,0,0,0,None,,81
Aytaç,Donis,71,159,PF,1/24/2012,0,Redford,NY,None,1,,0,25,25,23,28,6,43,14,15,17,12,14,17,20,32,34,12,27,11,11,22,22,27,28,41,41,68,42,13,17,68,SAS,0,0,0,0,0,0,0,0,None,,49
Sreten,Blasevic,79,229,SF,7/3/2010,16,Novi Sad,Serbia,None,0,,0,2,5,2,5,2,5,2,5,2,2,5,2,5,2,5,2,5,2,5,2,5,2,5,2,5,2,2,2,2,2,FA,0,0,0,0,0,0,0,0,None,,36
Chuck,Bernier,81,243,PF,10/23/2009,43,Columbus,OH,Pittsburgh,0,,0,2,5,2,5,2,5,0,0,0,2,5,2,5,2,5,2,2,2,5,2,5,2,5,2,5,7,2,2,2,27,Draft,0,0,0,0,0,0,0,0,None,,50
Ottaviano,Pine,70,154,C,8/23/2016,15,Fairview Shores,FL,Central Florida,0,,0,32,45,9,35,15,24,15,19,16,16,26,13,20,36,63,21,34,12,27,30,49,43,64,33,51,45,31,21,18,82,JER,0,0,0,0,0,0,0,0,None,,37
Bret,Miranda,82,264,C,4/17/2011,53,Cheviot,OH,Pittsburgh,0,,0,2,5,2,5,2,5,0,0,0,2,5,1,3,2,5,0,1,0,1,2,5,2,5,2,4,6,2,2,2,45,Draft,0,0,0,0,0,0,0,0,None,,53
Elton,Rosario,80,240,PF,12/17/2011,42,Nashville-Davidson,TN,Morehead State,0,,0,1,2,2,5,2,5,0,0,0,2,5,2,4,2,5,2,5,2,5,2,5,2,5,2,5,52,2,2,2,77,Draft,0,0,0,0,0,0,0,0,None,,47
Boyd,Thielen,77,189,C,7/23/2016,45,New York,NY,Marist,1,,0,25,52,16,37,10,28,5,6,7,12,16,8,30,24,56,11,34,15,21,37,86,29,56,36,38,29,25,8,35,80,MTL,0,0,0,0,0,0,0,0,None,,42
Mitch,Johnson,83,245,C,7/18/2010,30,Virginia Beach,VA,VCU,0,,0,2,5,2,5,2,5,2,5,2,2,5,2,5,2,5,2,5,2,5,2,5,2,5,2,5,2,2,2,2,2,FA,0,0,0,0,0,0,0,0,None,,29
Sylvester,Miller,80,227,SF,11/10/2010,23,Kansas City,MO,Xavier,0,,0,2,5,2,5,2,5,2,5,2,2,5,2,5,2,5,2,5,2,5,2,5,2,5,2,5,2,2,2,2,2,FA,0,0,0,0,0,0,0,0,None,,77
Derek,Uribe,77,185,SF,11/27/2016,33,Tatums,OK,None,1,,0,7,14,13,15,8,10,11,14,52,11,12,12,13,12,20,11,18,8,15,8,12,7,19,9,13,27,7,10,7,71,SAS,1000000,0,0,0,0,0,0,0,None,,60
Bret,Fenner,75,191,SF,11/24/2012,43,Derby,CO,None,2,,0,7,9,14,19,9,14,11,21,13,8,8,15,18,10,13,9,13,5,12,15,15,12,19,9,15,18,20,8,12,18,FLE,1000000,0,0,0,0,0,0,0,None,,71
Ray,Ojugbana,80,233,C,6/26/2012,54,Grand View,ID,None,4,Sprained Ankle,0,5,13,7,22,5,25,4,25,22,5,16,13,19,5,15,9,12,11,25,8,12,8,23,11,21,39,8,7,11,70,QUA,1000000,0,0,0,0,0,0,0,None,,86
Demarcus,Estey,71,156,SG,7/3/2015,24,New York,NY,Connecticut,1,,0,22,39,15,38,10,32,9,24,12,17,29,15,30,30,59,16,23,15,18,34,42,33,48,23,43,36,20,26,21,66,JER,0,0,0,0,0,0,0,0,None,,43
Hamit,Boone,79,217,C,11/28/2012,33,Meire Grove,MN,None,4,,0,47,52,17,36,18,34,7,7,6,12,17,10,31,56,73,9,27,11,23,73,76,39,50,34,41,52,40,17,26,70,WET,1000000,0,0,0,0,0,0,0,None,,75
Cody,Gilroy,73,170,SF,6/14/2016,9,Webster,TX,Oklahoma State,0,,0,17,38,16,34,19,24,10,20,19,13,18,15,21,40,57,20,20,7,26,31,61,24,43,30,40,66,21,16,15,56,MTL,0,0,0,0,0,0,0,0,None,,47
Renato,Thieme,75,190,SG,7/27/2012,4,Selmer,TN,None,4,Sprained Ankle,0,41,47,22,29,22,32,12,20,8,15,17,13,16,37,45,25,25,21,21,33,47,41,41,33,33,66,29,20,25,79,ALB,1000000,0,0,0,0,0,0,0,None,,3
Jesse,Standish,73,189,SF,10/28/2011,8,Zeeland,MI,None,5,Torn Abdominal Muscle,0,2,5,2,5,2,5,2,5,2,2,5,2,5,2,5,2,5,2,5,2,5,2,5,2,5,2,2,2,2,2,FA,0,0,0,0,0,0,0,0,None,,42
Edward,Baro,73,175,SG,6/19/2012,10,Saxon,SC,None,4,,0,32,42,39,47,24,32,24,31,42,22,35,36,45,22,34,32,41,28,32,26,30,24,32,33,51,34,27,24,26,87,WET,1000000,0,0,0,0,0,0,0,None,,35
Tommaso,Guenther,77,205,PF,2/22/2010,42,Zillah,WA,None,6,,0,2,5,2,5,2,5,2,5,2,2,5,2,5,2,5,2,5,2,5,2,5,2,5,2,5,2,2,2,2,4,FA,0,0,0,0,0,0,0,0,None,,86
Eke,Bronson,73,138,SF,12/17/2016,5,Ericson,NE,None,1,,0,16,38,25,29,13,43,29,48,41,13,43,29,44,24,32,23,38,16,40,16,33,30,43,26,47,67,22,14,20,79,JER,0,0,0,0,0,0,0,0,None,,5
Loyd,Silcox,68,162,PG,6/20/2012,23,Dow City,IA,None,4,,0,21,41,48,48,26,41,38,59,39,35,40,47,61,18,35,29,39,42,42,12,19,21,27,18,31,36,23,31,32,69,WET,1000000,0,0,0,0,0,0,0,None,,35
Lauren,Todd,81,232,C,8/24/2011,53,Arlington,MA,Syracuse,0,,0,2,3,2,5,2,5,0,0,0,2,5,2,5,2,5,2,5,2,5,2,5,2,5,2,5,41,2,2,2,8,Draft,0,0,0,0,0,0,0,0,None,,75
Bradford,Hays,82,228,C,11/6/2009,34,Corona,CA,Cal State Northridge,0,,0,2,5,2,5,2,5,0,0,0,2,5,2,3,2,5,2,5,2,5,2,3,2,5,2,5,57,2,2,2,55,Draft,0,0,0,0,0,0,0,0,None,,30
Sam,Jamison,62,149,PG,3/28/2012,14,Norwood,PA,None,0,Strained Back,12,18,25,47,47,21,66,28,44,37,42,59,45,45,10,22,41,43,32,43,6,6,16,16,21,22,58,12,18,31,58,WET,1000000,0,0,0,0,0,0,0,None,,36
Teisius,Shurtleff,67,156,PG,1/15/2016,35,Adams,ND,None,1,Stiff Neck,0,12,21,7,13,12,20,4,21,59,8,20,6,23,5,12,12,18,6,13,8,21,5,24,5,25,12,10,5,12,74,WET,1000000,0,0,0,0,0,0,0,None,,43
Darell,Odom,74,184,SF,7/12/2012,3,New Providence,NJ,None,2,,0,13,13,8,8,9,17,9,10,25,11,11,8,11,9,14,9,12,11,12,6,6,11,12,8,15,26,13,6,9,83,WET,1000000,0,0,0,0,0,0,0,None,,2
Heino,Konsavage,83,235,C,2/5/2012,50,Union,NE,None,4,Stiff Neck,0,10,19,10,20,5,16,6,20,13,11,11,8,11,4,25,10,21,6,14,6,10,5,25,4,16,41,5,3,4,70,DAL,1000000,0,0,0,0,0,0,0,None,,43
Augustus,Marable,80,247,C,7/20/2010,31,Morgan,UT,None,6,,0,2,5,2,5,2,5,2,5,2,2,5,2,5,2,5,2,5,2,5,2,5,2,5,2,5,2,2,2,2,2,FA,0,0,0,0,0,0,0,0,None,,40
Bob,Mendieta,71,164,C,5/14/2012,53,Glen Lyon,PA,None,4,Hernia,0,34,47,15,21,12,20,8,8,2,8,10,14,15,52,52,13,13,16,18,53,60,44,55,44,44,39,33,11,20,67,PIE,0,0,0,0,0,0,0,0,None,,26
Sancho,Leverett,74,194,SF,11/3/2015,22,Memphis,TN,Samford,1,,0,2,5,2,5,2,5,2,5,32,2,5,2,5,2,5,2,5,2,5,2,5,2,5,2,5,43,2,2,2,80,FA,0,0,0,0,0,0,0,0,None,,49
Noble,McNally,75,174,SG,11/11/2012,32,Barker Heights,NC,None,4,,0,42,47,24,33,12,27,11,20,25,14,19,14,32,38,45,20,37,12,25,24,53,34,53,30,34,43,26,17,25,60,MTL,1000000,0,0,0,0,0,0,0,None,,26
Auguste,Rutan,70,135,SF,4/7/2016,21,Louisville,KY,Alabama,0,,0,21,46,44,66,16,41,13,42,43,28,28,29,44,25,35,32,45,12,40,16,31,14,37,18,54,61,10,21,31,63,MTL,0,0,0,0,0,0,0,0,None,,62
Demetrijus,Pendley,70,158,SG,8/27/2012,34,White Bluff,TN,None,4,,0,18,36,29,37,20,45,30,30,36,27,28,20,30,15,26,32,39,20,26,31,33,27,27,31,39,75,17,15,18,82,PIE,1000000,0,0,0,0,0,0,0,None,,38
Lyman,Bly,70,142,SG,1/3/2016,25,Salmon Brook,CT,Seton Hall,0,,0,19,30,31,31,25,60,27,45,51,18,35,32,39,13,23,18,39,20,35,11,17,14,21,21,26,45,20,23,27,48,JER,0,0,0,0,0,0,0,0,None,,8
Merle,Valdez,72,182,SG,9/27/2012,1,Wellsville,KS,None,4,Bruised Hip,0,21,33,43,59,35,41,41,41,46,29,31,30,38,17,24,30,30,40,47,13,15,23,25,16,29,71,17,24,42,80,PIE,1000000,0,0,0,0,0,0,0,None,,95
John,Blecha,67,136,PG,3/14/2016,22,Dry Run,OH,St. John's,1,,0,15,27,24,52,29,40,26,37,47,27,37,29,33,11,24,26,37,22,41,7,17,12,22,24,24,62,17,34,33,50,SAS,0,0,0,0,0,0,0,0,None,,46
Lyle,McLain,68,134,PG,10/13/2012,12,Ridgeland,MS,None,4,Sprained Ankle,0,21,38,30,40,30,39,47,56,27,38,44,30,45,20,29,27,40,36,36,12,12,15,23,18,21,50,13,23,36,55,PIE,1000000,0,0,0,0,0,0,0,None,,69
Alec,Miller,83,267,C,5/15/2009,44,Burien,WA,Washington,0,,0,2,5,2,5,2,5,0,0,0,2,5,1,1,2,5,2,5,2,5,2,5,2,5,2,5,83,2,2,2,60,Draft,0,0,0,0,0,0,0,0,None,,85
Edmond,Williams,84,228,C,5/7/2008,43,Mayville,NY,St. Francis-NY,0,,0,2,5,2,5,2,5,0,0,0,2,5,2,5,2,5,2,5,2,5,2,5,2,5,2,5,31,2,2,2,48,Draft,0,0,0,0,0,0,0,0,None,,56
Nurcan,Kelleher,65,152,PG,7/11/2016,11,Hill City,SD,None,1,,0,7,27,13,28,7,22,13,14,41,17,18,16,36,6,16,12,36,15,18,3,3,6,8,8,15,52,7,8,13,52,PIE,0,0,0,0,0,0,0,0,None,,13
Gustavo,Demarco,69,153,SF,3/15/2012,13,Massena,IA,None,0,,0,11,12,11,11,4,17,8,8,32,9,9,8,8,6,6,10,12,7,7,9,9,7,8,10,11,81,11,6,10,77,PIE,0,0,0,0,0,0,0,0,None,,85
Cornell,Chadwick,71,175,C,2/25/2012,55,Oconto Falls,WI,None,1,,0,13,25,7,14,4,9,2,2,3,5,5,7,15,15,23,5,14,5,5,16,20,17,20,13,17,20,11,4,13,74,PIE,0,0,0,0,0,0,0,0,None,,24
Edi,Dezelan,76,206,PG,4/1/2010,20,Lucija,Slovenia,None,0,,0,2,5,2,5,2,5,2,5,2,2,5,2,5,2,5,2,5,2,5,2,5,2,5,2,5,2,2,2,2,2,FA,0,0,0,0,0,0,0,0,None,,52
Kevin,Bogart,72,157,PG,11/19/2011,25,Robbinsdale,MN,Wisconsin,0,,0,2,5,2,5,2,5,2,5,5,2,5,2,5,1,1,2,5,2,5,2,4,1,2,2,5,65,2,2,2,30,Draft,0,0,0,0,0,0,0,0,None,,57
Paris,Miley,76,172,PF,1/17/2016,30,Emerson,GA,Georgia,0,,0,35,52,15,24,23,31,3,5,5,8,12,10,18,30,48,15,21,13,13,56,60,29,54,49,57,43,34,14,29,77,LIT,0,0,0,0,0,0,0,0,None,,63
Arnulfo,Blaser,69,154,PF,9/1/2016,50,Smithton,IL,Brigham Young,0,,0,22,60,18,33,14,22,14,22,9,10,16,15,27,35,55,13,38,12,21,29,41,32,43,38,43,46,33,12,21,72,MTL,0,0,0,0,0,0,0,0,None,,73
Michael,Wright,83,217,C,11/10/2011,42,Torrington,CT,Georgetown,0,,0,2,4,2,5,2,5,0,0,0,2,5,2,5,2,5,2,5,2,3,2,5,2,5,2,5,55,2,2,2,39,Draft,0,0,0,0,0,0,0,0,None,,58
Edmundo,Farrell,72,154,SF,6/18/2016,33,Medulla,FL,Florida State,0,,0,53,65,52,85,45,63,45,51,26,50,64,49,53,42,61,42,63,51,69,41,70,50,50,64,64,57,50,39,35,78,LIN,0,0,0,0,0,0,0,0,None,,45
Oren,Greek,70,144,SG,7/25/2012,28,Laporte,PA,None,4,,0,33,33,26,26,15,43,17,17,24,22,22,14,22,23,23,26,26,24,24,13,13,21,21,22,28,24,30,22,35,52,LIN,1000000,0,0,0,0,0,0,0,None,,36
Jorge,Delgado,81,232,C,7/4/2011,40,Niagara Falls,NY,Colgate,0,,0,2,5,2,5,2,5,0,0,0,2,5,2,5,2,5,2,4,2,5,2,5,2,5,2,5,93,2,2,2,44,Draft,0,0,0,0,0,0,0,0,None,,6
Justin,Baldwin,80,199,SF,10/17/2012,4,Collierville,TN,None,0,,0,2,5,2,5,2,5,0,0,0,2,5,2,4,2,5,2,5,2,5,2,5,2,5,2,5,83,2,2,2,24,FA,0,0,0,0,0,0,0,0,None,,79
Thierry,Ewers,66,165,SG,3/20/2012,24,South Weber,UT,None,2,,0,15,23,32,40,24,46,39,39,52,30,30,23,29,10,16,33,33,22,37,13,13,15,20,17,17,46,33,14,30,79,LIN,0,0,0,0,0,0,0,0,None,,70
Nickolas,Malia,70,160,PG,5/24/2016,32,Springfield,IL,Syracuse,0,,0,22,28,33,64,27,39,31,60,55,17,50,32,51,7,23,26,40,19,43,6,15,18,32,20,32,56,19,33,18,56,ALB,0,0,0,0,0,0,0,0,None,,73
Korey,Martineau,65,147,PG,9/25/2012,20,Indian Springs,NV,None,4,,0,27,30,20,26,21,59,35,36,29,44,47,59,59,17,18,27,27,39,48,7,7,13,18,17,17,59,20,21,24,68,LIN,1000000,0,0,0,0,0,0,0,None,,65
Dominic,Throckmorton,66,150,PG,11/12/2012,23,Mexico Beach,FL,None,2,,0,7,9,14,17,5,16,13,23,38,11,19,13,20,5,5,8,19,9,25,3,3,6,6,8,10,67,11,13,10,70,LIN,0,0,0,0,0,0,0,0,None,,52
Columbano,Esteves,69,178,SF,8/7/2012,3,Louisville,GA,None,2,,0,9,14,12,12,4,19,9,9,18,8,8,9,9,10,14,8,10,8,13,9,11,9,10,9,9,28,11,7,17,76,LIN,0,0,0,0,0,0,0,0,None,,51
Nathanial,Gilliland,77,218,C,2/10/2016,43,Russell,KS,None,1,Broken Foot,0,12,12,8,9,4,11,2,2,0,5,6,4,4,10,16,5,5,4,4,14,14,12,14,13,13,31,23,4,10,62,QUA,1000000,0,0,0,0,0,0,0,None,,22
Ubaldas,Steib,84,241,C,8/2/2010,45,Portland,ND,None,6,Jammed Finger,0,2,5,2,5,2,5,2,5,2,2,5,2,5,2,5,2,5,2,5,2,5,2,5,2,5,2,2,2,2,2,FA,0,0,0,0,0,0,0,0,None,,73
Boyd,Howland,81,223,C,9/11/2011,54,Hiland Park,FL,None,5,,0,2,5,2,5,2,5,2,5,2,2,5,2,5,2,5,2,5,2,5,2,5,2,5,2,5,2,2,2,2,2,FA,0,0,0,0,0,0,0,0,None,,45
Kendrick,Timberlake,77,196,SG,6/5/2009,24,Houston,TX,Texas,0,,0,0,0,2,5,2,5,2,5,5,2,5,2,5,1,1,2,5,2,5,2,5,2,3,2,5,91,2,2,2,54,Draft,0,0,0,0,0,0,0,0,None,,92
Kasey,Alvarez,72,180,SF,6/16/2012,42,Boston,IN,None,4,,0,37,47,28,45,25,25,12,22,5,12,25,18,22,40,51,25,34,23,33,26,31,44,58,26,35,35,22,22,29,70,MTL,1000000,0,0,0,0,0,0,0,None,,56
Bora,Barletta,76,186,PF,7/20/2016,54,West Babylon,NY,North Florida,1,,0,44,54,13,21,15,23,5,6,8,6,18,17,18,32,49,10,20,14,18,37,42,35,52,37,55,29,34,13,19,64,JER,0,0,0,0,0,0,0,0,None,,93
Daniil,Belotserkovsky,79,229,SF,6/14/2011,40,Kusa,Russia,None,1,,0,2,4,2,4,2,5,2,4,2,2,4,2,4,2,4,2,4,2,4,2,4,2,4,2,4,2,2,2,2,3,FA,0,0,0,0,0,0,0,0,None,,74
Xavier,Traughber,72,156,PF,1/13/2016,2,Meridian,ID,None,1,Concussion,0,29,35,17,30,22,26,12,15,21,15,21,10,23,38,38,10,29,16,22,30,39,22,31,32,35,45,33,15,22,81,JER,0,0,0,0,0,0,0,0,None,,25
Jimmy,Deroche,68,132,SG,8/7/2016,8,Ontario,OH,None,1,,0,8,29,33,58,20,39,23,64,59,23,47,21,36,11,20,28,45,25,37,8,19,20,20,23,35,70,27,23,23,77,ARI,1000000,0,0,0,0,0,0,0,None,,27
Fredric,Hamilton,79,196,SF,12/31/2010,9,Oakland,CA,San Diego,0,,0,2,5,2,5,2,5,2,5,2,2,5,2,5,2,5,2,5,2,5,2,5,2,5,2,5,2,2,2,2,2,FA,0,0,0,0,0,0,0,0,None,,14
Milovan,Porche,68,155,PG,4/16/2012,27,Salem,MA,None,2,,0,26,47,53,72,15,53,49,77,31,43,43,20,40,10,40,30,45,37,53,12,20,18,23,15,28,40,17,20,18,75,REN,1000000,0,0,0,0,0,0,0,None,,16
Jordon,Coman,64,153,PG,7/8/2012,35,Taunton,MN,None,4,,0,24,28,33,33,19,43,36,36,46,47,47,39,44,12,12,23,37,36,36,7,7,14,14,11,25,48,18,28,15,60,MTL,1000000,0,0,0,0,0,0,0,None,,79
Pablo,Casero,84,236,C,3/1/2011,43,Grayson Valley,AL,Florida A&M,0,,0,2,5,2,5,2,5,0,0,0,2,5,0,0,2,5,2,5,2,5,2,5,2,5,2,5,97,2,2,2,34,Draft,0,0,0,0,0,0,0,0,None,,72
Guy,Langford,68,153,PG,8/11/2012,10,Millersburg,OR,None,0,,0,7,7,10,10,7,19,9,17,34,15,17,11,17,5,5,13,16,10,10,2,2,3,3,6,6,62,8,10,12,73,MTL,0,0,0,0,0,0,0,0,None,,18
Gérald,Rudloff,72,190,SF,11/23/2012,4,Lawnside,NJ,None,2,,0,10,13,11,11,8,14,9,10,17,11,16,11,13,12,12,9,12,10,10,9,10,11,12,9,12,80,10,11,11,63,SAS,1000000,0,0,0,0,0,0,0,None,,28
Rudolph,Nieman,75,188,C,2/17/2016,43,Lawrence,NE,None,1,,0,13,16,6,8,6,12,4,4,3,7,7,8,8,13,19,4,4,4,4,26,26,15,18,11,14,55,15,4,12,54,JER,1000000,0,0,0,0,0,0,0,None,,63
Chris,Harris,73,158,PG,9/2/2009,35,Miami Springs,FL,Kentucky,0,,0,2,5,2,5,2,5,2,5,17,2,5,2,5,2,5,2,5,2,5,1,1,1,1,2,4,28,2,2,2,78,Draft,0,0,0,0,0,0,0,0,None,,95
Sid,McFate,78,217,PF,8/28/2012,31,Hope,ND,None,4,Sprained Ankle,0,75,75,36,41,38,44,12,13,8,19,19,43,52,76,76,31,31,27,36,90,90,103,103,70,70,40,66,24,54,80,ALB,1000000,0,0,0,0,0,0,0,None,,48
Gaspar,Lorente,76,217,SG,4/26/2010,35,Maunie,IL,Kentucky,0,,0,2,5,2,5,2,5,2,5,2,2,5,2,5,2,5,2,5,2,5,2,5,2,5,2,5,2,2,2,2,2,FA,0,0,0,0,0,0,0,0,None,,76
Otis,Record,73,173,PF,10/6/2012,52,Catarina,TX,None,4,,0,37,37,20,26,22,38,13,18,4,14,14,16,22,42,42,14,25,18,23,33,33,49,49,31,31,57,28,21,35,86,PIE,1000000,0,0,0,0,0,0,0,None,,94
Max,Skinner,84,232,PF,12/29/2009,44,Bowling Green,OH,Duke,0,,0,2,5,2,5,2,5,0,0,0,2,5,1,1,2,4,2,4,2,5,2,5,2,5,2,5,7,2,2,2,52,Draft,0,0,0,0,0,0,0,0,None,,52
Will,Long,76,163,PG,3/5/2009,13,Hartford,CT,Michigan,0,,0,1,1,2,5,2,5,2,5,23,2,5,2,5,2,5,2,5,2,5,2,5,2,4,2,5,96,0,2,2,63,Draft,0,0,0,0,0,0,0,0,None,,22
Carrol,Whitten,73,180,SG,6/1/2012,32,Bogalusa,LA,None,4,,0,28,30,28,31,23,49,27,29,23,21,28,16,19,28,30,21,21,21,23,24,35,22,28,22,22,51,29,28,25,47,LIT,1000000,0,0,0,0,0,0,0,None,,23
Denny,Whitson,74,188,SG,1/9/2010,7,Compton,CA,Arizona,0,,0,1,3,2,5,2,5,2,5,23,2,5,2,3,2,5,2,5,2,5,1,2,2,5,1,3,36,2,2,2,43,Draft,0,0,0,0,0,0,0,0,None,,34
Cyril,Tunstall,83,241,C,1/27/2010,35,Indian Rocks Beach,FL,Wake Forest,0,,0,2,5,2,5,2,5,0,0,0,2,5,2,5,2,5,1,2,2,5,2,5,2,5,2,5,57,2,2,2,58,Draft,0,0,0,0,0,0,0,0,None,,50
Oren,Eargle,66,160,SG,3/7/2012,28,Peshtigo,WI,None,3,,0,23,27,35,41,33,37,44,55,60,30,46,22,29,11,21,31,51,32,45,11,15,22,22,25,29,45,23,23,42,54,ALB,1000000,0,0,0,0,0,0,0,None,,48
Luis,Gober,62,128,PG,2/19/2016,50,Minnetonka,MN,Minnesota,1,,0,35,40,57,67,79,81,61,61,37,62,69,79,83,20,20,46,51,63,63,6,9,14,25,25,34,43,36,68,46,78,ARI,0,0,0,0,0,0,0,0,None,,35
Vytas,Statham,73,150,SF,11/27/2016,31,Morris Plains,NJ,South Florida,0,,0,37,49,14,30,11,24,9,21,7,15,18,9,23,32,67,16,21,15,26,31,34,37,50,19,48,28,18,16,22,81,REN,0,0,0,0,0,0,0,0,None,,94
Willy,Booker,62,154,PG,11/21/2012,34,Old Brookville,NY,None,0,,0,6,11,15,15,5,17,9,9,23,23,23,10,22,5,5,10,16,13,17,3,3,4,4,7,8,39,8,6,10,64,ALB,0,0,0,0,0,0,0,0,None,,2
Willy,Manry,73,180,SF,2/1/2016,35,Mullen,NE,None,1,,0,10,12,10,10,6,11,7,7,22,10,13,10,10,9,12,11,15,8,8,7,8,11,14,9,13,67,13,10,14,71,ALB,0,0,0,0,0,0,0,0,None,,58
Romolo,Lamorte,81,226,C,12/20/2012,52,Bridgewater,VA,None,4,,0,13,30,10,19,7,20,10,12,36,12,17,13,25,6,28,10,15,7,18,8,25,9,25,8,13,42,6,8,6,71,QUA,1000000,0,0,0,0,0,0,0,None,,59
Agustin,Lasko,67,124,PG,4/11/2016,30,Wood River,IL,None,1,Dislocated Shoulder,0,21,45,21,45,31,55,19,42,34,29,32,16,50,22,49,30,43,21,37,22,45,18,49,19,54,39,35,24,19,77,ARI,0,0,0,0,0,0,0,0,None,,65
Azi,Goldman,76,199,PF,2/10/2012,42,Eldorado,OK,None,4,,0,39,39,15,15,12,26,4,4,5,7,7,11,12,32,32,18,18,14,17,35,35,23,30,36,36,63,38,12,26,55,JAC,1000000,0,0,0,0,0,0,0,None,,81
Hubert,Stcyr,74,180,PG,2/4/2009,35,Fernway,PA,Duke,0,,0,2,5,2,5,2,5,2,3,3,2,5,2,5,2,5,2,5,2,5,2,4,2,5,1,1,69,2,2,2,75,Draft,0,0,0,0,0,0,0,0,None,,63
Barry,Sisson,72,170,SF,8/5/2012,9,St. George,UT,None,4,,0,59,59,25,25,37,56,29,29,20,30,30,30,30,54,54,40,40,32,32,56,56,55,55,57,57,58,72,33,53,77,WET,1000000,0,0,0,0,0,0,0,None,,94
Wilbur,Kindig,71,128,C,3/23/2016,13,Aurora,IL,None,1,,0,35,39,6,25,17,25,7,9,1,11,20,14,23,42,60,9,14,6,25,33,54,36,44,32,54,65,32,14,31,90,FLE,0,0,0,0,0,0,0,0,None,,99
Manual,Mendieta,76,182,SG,8/27/2016,45,North Patchogue,NY,George Mason,0,,0,34,43,15,32,24,33,10,19,5,19,22,18,18,22,49,12,29,13,26,18,36,25,50,30,46,56,32,20,32,52,FLE,0,0,0,0,0,0,0,0,None,,33
Don,Moose,67,149,PG,1/10/2012,34,Red Bank,TN,None,3,Sprained Knee,0,18,27,18,20,13,44,19,23,24,32,32,22,27,32,36,21,21,22,31,24,24,20,20,26,32,42,29,25,28,80,QUA,1000000,0,0,0,0,0,0,0,None,,28
Lynn,Gonzalez,83,259,C,4/29/2011,50,New York,NY,Iona,0,,0,2,5,2,5,2,5,0,0,0,2,5,1,2,2,5,2,5,2,4,2,5,2,5,2,5,60,2,1,2,48,Draft,0,0,0,0,0,0,0,0,None,,27
Oliver,Sisto,70,152,SG,8/26/2012,24,Rutledge,TN,None,3,,0,28,28,44,44,24,50,28,28,46,25,26,29,29,18,18,36,36,35,39,10,10,17,17,17,17,47,20,15,28,69,QUA,1000000,0,0,0,0,0,0,0,None,,46
Brian,Anderson,86,237,C,2/5/2012,52,New York,NY,Nevada,0,,0,2,3,2,5,2,5,1,1,1,2,5,2,5,2,5,2,5,2,5,2,5,2,5,2,5,33,2,2,2,42,Draft,0,0,0,0,0,0,0,0,None,,34
Douglas,Hernandez,81,243,PF,5/8/2012,52,Terre Haute,IN,St. John's,0,,0,2,5,2,5,2,5,2,5,12,2,5,1,4,2,5,2,5,2,5,2,5,2,5,2,5,38,2,2,2,36,Draft,0,0,0,0,0,0,0,0,None,,57
Darrick,Simmons,69,159,SG,1/28/2012,21,Wells,NV,None,4,,0,16,25,34,35,31,46,40,42,38,44,58,48,48,13,13,40,40,45,52,8,9,11,11,14,16,61,14,30,39,68,WET,1000000,0,0,0,0,0,0,0,None,,49
Lou,Banegas,64,148,PG,6/24/2012,3,Cameron,OK,None,0,,0,9,20,9,21,8,19,13,13,26,11,13,12,29,5,14,11,22,14,19,2,2,5,6,7,7,56,8,14,9,52,QUA,0,0,0,0,0,0,0,0,None,,41
Dionizas,Folks,69,173,SF,8/20/2016,8,South Pasadena,CA,None,0,,0,11,21,9,17,6,15,10,12,16,10,11,10,18,8,16,9,20,9,10,9,10,10,12,9,14,66,8,10,16,50,QUA,0,0,0,0,0,0,0,0,None,,42
Isaias,Staab,77,220,C,3/23/2016,32,Gosport,IN,None,1,,0,12,16,8,8,4,12,2,2,8,4,4,3,3,16,18,5,5,6,7,16,17,12,16,18,19,44,18,2,15,71,PIE,1000000,0,0,0,0,0,0,0,None,,44
Tadas,Philen,76,197,PF,6/11/2011,42,Marble Hill,MO,None,5,,0,2,5,2,5,2,5,2,5,2,2,5,2,5,2,5,2,5,2,5,2,5,2,5,2,5,2,2,2,2,2,FA,1000000,0,0,0,0,0,0,0,None,,71
Huey,Pressman,74,164,C,1/1/2015,30,Syosset,NY,Northeastern,0,,0,2,4,2,4,2,5,2,4,7,2,4,2,4,2,4,2,4,2,4,2,4,2,4,2,4,58,2,2,2,49,FA,0,0,0,0,0,0,0,0,None,,8
Donnell,Sluss,70,180,C,2/15/2012,0,Rolling Meadows,IL,None,2,,0,48,48,27,27,26,30,13,17,14,13,15,11,21,32,42,10,24,10,28,31,42,34,34,45,55,28,47,14,26,58,REN,1000000,0,0,0,0,0,0,0,None,,34
Donald,Dewall,69,167,C,3/8/2012,55,San Mateo,CA,None,4,,0,31,48,30,37,24,40,12,22,23,16,20,18,30,39,47,16,23,12,23,23,25,30,39,38,41,27,43,21,23,83,REN,1000000,0,0,0,0,0,0,0,None,,60
Charles,Thomas,82,233,C,1/11/2009,43,Bunkie,LA,Northwestern,0,,0,2,5,2,4,2,5,0,0,0,2,5,2,3,2,5,2,3,2,5,2,5,2,5,2,5,22,2,2,2,49,Draft,0,0,0,0,0,0,0,0,None,,17
Vincent,Bucher,72,165,PF,11/12/2012,43,Captiva,FL,None,4,,0,27,37,30,41,16,43,24,34,31,25,25,26,42,29,34,31,42,30,32,15,29,29,52,29,33,71,34,10,26,48,MTL,1000000,0,0,0,0,0,0,0,None,,42
Alphonso,Majeed,72,155,SF,5/20/2016,8,Philadelphia,PA,Dartmouth,1,,0,12,36,33,48,23,51,30,37,50,19,42,38,49,16,29,40,49,35,53,6,15,11,29,15,34,34,11,19,28,71,FLE,0,0,0,0,0,0,0,0,None,,43
Jesse,Giesler,71,173,PG,10/3/2012,7,Herndon,KS,None,3,,0,24,31,24,24,11,40,31,31,62,32,35,31,38,12,16,26,29,41,45,8,8,21,21,10,14,67,19,19,31,85,SAS,1000000,0,0,0,0,0,0,0,None,,46
Mark,Caballero,76,206,SG,9/24/2009,6,Indianapolis,IN,Wright State,0,,0,2,5,2,5,2,5,2,5,6,2,5,2,5,1,1,2,5,2,5,2,4,2,3,2,5,40,2,2,2,37,Draft,0,0,0,0,0,0,0,0,None,,91
Boris,Williams,79,221,SG,3/17/2010,18,East Williston,FL,College of Charleston,0,,0,2,5,2,5,2,5,2,5,2,2,5,2,5,2,5,2,5,2,5,2,5,2,5,2,5,2,2,2,2,2,FA,0,0,0,0,0,0,0,0,None,,33
Alphonso,Cochrane,72,158,C,5/3/2016,54,Spring Valley,NV,Nevada,0,,0,20,61,20,22,23,31,6,23,9,15,22,12,23,31,61,23,39,11,21,28,37,17,43,38,38,45,29,14,34,57,ALB,0,0,0,0,0,0,0,0,None,,12
Palmer,Stelle,78,185,C,4/25/2016,33,Bayonne,NJ,DePaul,0,,0,27,42,14,17,15,32,3,7,7,9,10,13,13,20,34,17,18,15,17,26,35,25,47,27,48,72,30,9,27,81,FLE,0,0,0,0,0,0,0,0,None,,95
Sylvester,Quarles,64,150,PG,7/4/2016,11,Weidman,MI,None,1,,0,9,9,11,11,7,22,15,15,49,14,20,13,16,5,5,11,11,12,13,3,3,3,3,7,7,61,7,11,12,75,REN,0,0,0,0,0,0,0,0,None,,14
Manual,Özmert,74,167,SF,1/17/2016,8,Tower,MN,None,1,,0,12,12,10,15,8,21,12,12,17,9,9,9,10,8,14,10,11,7,7,9,9,11,12,12,12,46,14,9,10,55,REN,1000000,0,0,0,0,0,0,0,None,,61
Xander,Reddout,80,232,C,8/3/2016,44,Hazelton,ND,None,1,Sprained Ankle,0,14,14,7,7,4,10,2,2,5,3,3,7,9,11,16,6,7,7,8,22,22,8,19,15,17,47,20,5,11,48,SAS,1000000,0,0,0,0,0,0,0,None,,41
Doruk,Jarrells,73,137,PF,2/8/2016,55,Klawock,AK,Wright State,0,,0,22,42,22,37,20,38,15,18,4,20,21,17,29,30,51,14,42,18,26,30,38,15,45,41,77,52,31,20,20,47,FLE,0,0,0,0,0,0,0,0,None,,70
James,Adams,72,151,PG,4/8/2011,30,Charleston,IL,SIU Edwardsville,0,,0,1,2,2,5,2,5,2,5,33,2,5,2,5,2,5,2,5,2,5,1,2,2,5,1,2,46,2,2,2,33,Draft,0,0,0,0,0,0,0,0,None,,59
Tomo,Matiasevich,75,187,PG,4/27/2013,15,Zadar,Croatia,None,0,,0,0,1,2,5,2,5,2,5,38,2,5,2,5,2,5,1,4,2,5,2,5,1,4,2,5,87,2,2,2,64,Draft,0,0,0,0,0,0,0,0,None,,11
Abir,Kubicek,79,224,PF,6/19/2010,31,Myrtle Beach,SC,None,6,,0,2,5,2,5,2,5,2,5,2,2,5,2,5,2,5,2,5,2,5,2,5,2,5,2,5,2,2,2,2,2,FA,0,0,0,0,0,0,0,0,None,,65
Cirino,Panek,69,135,C,12/11/2015,2,Carlsbad,CA,UC Riverside,0,,0,22,53,11,29,23,23,5,19,22,13,21,14,21,44,49,13,24,11,22,29,32,22,53,41,49,57,34,14,19,54,MEM,0,0,0,0,0,0,0,0,None,,31
Dane,Lindstrom,85,224,C,12/27/2010,40,Deerfield Beach,FL,South Alabama,1,,0,2,5,2,5,2,5,2,5,2,2,5,2,5,2,5,2,5,2,5,2,5,2,5,2,5,2,2,2,2,2,FA,0,0,0,0,0,0,0,0,None,,12
Francis,Stang,72,148,SF,3/2/2016,24,Greenfield,WI,Illinois,0,Broken Foot,22,21,30,39,39,24,33,23,42,37,23,38,15,38,14,29,30,39,34,49,11,19,17,21,18,24,30,22,24,29,53,ALB,0,0,0,0,0,0,0,0,None,,37
Bo,Holguin,69,155,PG,9/26/2012,6,Hudson,CO,None,4,,0,22,33,50,50,36,45,39,42,44,36,36,30,45,14,24,33,33,42,49,11,17,18,18,24,24,20,23,30,25,60,LOU,1000000,0,0,0,0,0,0,0,None,,78
Gino,Rocca,67,149,SG,8/3/2012,35,Osage,IA,None,2,,0,29,38,43,49,21,45,23,40,47,28,44,29,50,15,20,30,44,32,41,9,20,21,25,19,24,41,26,18,38,90,LOU,1000000,0,0,0,0,0,0,0,None,,93
Tony,Thomas,83,231,C,11/10/2009,35,Midway,GA,Villanova,0,,0,2,4,2,5,2,5,0,0,0,2,5,2,5,2,5,1,2,2,5,2,5,2,5,2,5,54,2,2,2,26,Draft,0,0,0,0,0,0,0,0,None,,75
Antwan,Lloyd,82,240,PF,5/23/2009,45,Detroit,MI,Pittsburgh,0,,0,2,5,2,5,2,5,2,3,3,2,5,2,5,2,5,2,5,2,5,2,5,2,5,2,5,43,2,2,2,25,Draft,0,0,0,0,0,0,0,0,None,,36
Major,Yee,68,128,PG,6/19/2016,53,Abernathy,TX,North Carolina State,1,Bruised Jaw,0,10,32,42,44,33,58,35,53,35,24,61,43,61,9,17,10,42,42,42,4,7,14,14,11,18,29,17,24,33,75,ALB,0,0,0,0,0,0,0,0,None,,50
Gabriele,Manger,64,146,PG,9/19/2016,21,Alvord,TX,None,1,,0,9,18,12,20,6,23,12,14,37,16,18,16,33,5,12,10,28,10,20,2,2,6,7,7,7,53,10,5,12,96,LOU,0,0,0,0,0,0,0,0,None,,51
Lesley,Bracewell,76,205,PF,7/18/2016,2,East Rockingham,NC,None,1,,0,10,12,10,11,4,18,9,9,24,12,12,12,13,8,10,11,12,11,11,8,10,9,9,9,9,47,14,4,12,87,SAS,1000000,0,0,0,0,0,0,0,None,,68
Bert,Gum,77,207,C,3/17/2016,54,Jacksonville,OR,None,1,,0,13,13,8,8,7,15,3,3,0,5,5,4,4,14,16,4,4,5,5,13,16,14,14,19,20,69,21,4,10,54,LOU,1000000,0,0,0,0,0,0,0,None,,57
Andrew,Peterson,80,221,PF,2/3/2009,32,North Richland Hills,TX,Middle Tennessee,1,,0,2,5,2,5,2,5,2,5,2,2,5,2,5,2,5,2,5,2,5,2,5,2,5,2,5,2,2,2,2,2,FA,0,0,0,0,0,0,0,0,None,,44
Grady,Mabrey,84,269,C,4/19/2010,35,Union City,PA,None,6,,0,2,5,2,5,2,5,2,5,2,2,5,2,5,2,5,2,5,2,5,2,5,2,5,2,5,2,2,2,2,2,FA,0,0,0,0,0,0,0,0,None,,17
Harris,Shoffner,76,198,SG,7/8/2009,25,Pinellas Park,FL,Duke,0,,0,2,5,2,5,2,5,2,5,2,2,5,2,5,2,5,2,5,2,5,2,5,2,5,2,5,2,2,2,2,2,FA,0,0,0,0,0,0,0,0,None,,69
Waylon,Winsor,69,158,PG,9/24/2012,10,Visalia,KY,None,4,Broken Finger,0,72,76,53,65,44,65,30,38,14,36,44,44,52,60,79,45,55,42,51,73,74,59,71,69,79,67,70,33,55,89,JAC,1000000,0,0,0,0,0,0,0,None,,43
Nazario,Schnabel,67,164,PG,1/5/2012,9,Winthrop,AR,None,4,Broken Cheekbone,0,20,25,26,31,23,31,19,19,22,23,23,18,22,22,22,24,24,23,23,21,21,21,21,21,21,62,32,32,28,81,MEM,1000000,0,0,0,0,0,0,0,None,,7
Diego,Chiarini,73,196,SF,1/16/2011,18,Lafe,AR,None,5,,0,2,5,2,5,2,5,2,5,2,2,5,2,5,2,5,2,5,2,5,2,5,2,5,2,5,2,2,2,2,4,FA,1000000,0,0,0,0,0,0,0,None,,44
Dick,Meints,70,144,C,5/17/2016,35,Los Angeles,CA,San Diego,0,,0,39,47,23,33,15,37,13,19,13,8,26,10,18,32,52,12,32,16,16,29,33,29,48,27,41,53,23,23,33,47,QUA,0,0,0,0,0,0,0,0,None,,84
Noble,Lilienthal,70,128,SG,8/21/2016,28,Bournemouth,England,None,0,,0,18,47,24,42,36,41,29,38,16,17,25,19,40,19,34,35,35,23,31,21,30,14,38,25,40,60,17,29,31,79,QUA,0,0,0,0,0,0,0,0,None,,70
Clinton,Teasdale,71,177,SF,2/2/2015,40,Giugliano in Campania,Italy,None,1,,0,16,26,17,32,10,36,22,35,33,16,26,20,25,15,34,25,34,26,43,21,29,21,39,21,31,52,26,22,26,76,LIT,0,0,0,0,0,0,0,0,None,,99
Tyrell,Rodriguez,85,218,C,4/19/2009,43,Dana Point,CA,Cal State Northridge,0,,0,2,5,2,5,2,5,2,5,2,2,5,2,5,2,5,2,5,2,5,2,5,2,5,2,5,2,2,2,2,2,FA,0,0,0,0,0,0,0,0,None,,13
John,Whalen,80,224,PF,1/3/2010,50,Normal,IL,Notre Dame,0,,0,2,4,2,5,2,5,0,0,0,2,5,2,3,2,5,2,5,2,5,2,5,2,5,2,5,71,2,2,2,31,Draft,0,0,0,0,0,0,0,0,None,,29
Donald,Smith,81,231,PF,11/10/2010,50,Coppell,TX,Texas,0,,0,2,5,2,5,2,5,0,0,0,2,5,2,5,2,5,2,5,1,3,2,5,2,5,2,5,3,2,2,2,17,Draft,0,0,0,0,0,0,0,0,None,,40
Ed,Scheidt,64,146,PG,1/18/2012,11,Cobden,IL,None,0,,0,8,12,13,15,5,15,9,14,55,20,23,12,16,6,6,9,18,11,16,2,2,6,6,6,6,46,7,9,9,63,REN,0,0,0,0,0,0,0,0,None,,69
Demetrio,Ruvalcaba,72,164,SF,1/28/2016,2,Sea Breeze,NC,None,1,,0,10,15,9,12,9,14,9,10,26,8,13,11,11,7,7,9,13,9,13,8,12,9,13,9,9,63,9,6,10,70,MEM,1000000,0,0,0,0,0,0,0,None,,28
Nathaniel,Heredia,80,242,C,5/12/2016,0,Hyde Park,VT,None,1,Fractured Nose,0,16,32,6,17,7,13,3,3,3,5,5,7,17,18,32,7,14,8,8,19,26,9,20,17,27,69,22,2,9,55,PIE,1000000,0,0,0,0,0,0,0,None,,32
Perry,Crafts,79,225,C,12/17/2012,53,Mount Healthy,OH,None,4,Fractured Nose,0,38,38,15,15,14,39,6,6,2,14,14,14,14,31,33,8,16,7,10,35,35,34,34,45,45,23,34,9,27,86,LIT,1000000,0,0,0,0,0,0,0,None,,54
Eric,Pafford,82,224,C,1/17/2009,41,Swampscott,MA,None,7,Sprained Ankle,0,2,5,2,5,2,5,2,5,2,2,5,2,5,2,5,2,5,2,5,2,5,2,5,2,5,2,2,2,2,2,FA,0,0,0,0,0,0,0,0,None,,39
Eusebio,Paez,73,182,PG,12/24/2009,20,Gloversville,NY,Massachusetts,0,,0,2,5,2,5,2,5,2,5,12,2,5,2,5,2,5,2,5,2,5,0,0,1,3,2,5,6,2,2,2,53,Draft,0,0,0,0,0,0,0,0,None,,40
Cyril,Harding,72,185,C,9/28/2012,50,Lakeside,MT,None,4,Broken Jaw,0,30,30,22,22,11,35,14,18,20,18,18,15,18,46,46,17,18,15,15,26,26,43,43,36,36,74,39,12,24,51,LIT,1000000,0,0,0,0,0,0,0,None,,79
Lemuel,Autin,71,167,SG,2/26/2012,8,Westhampton,NY,None,4,Fractured Jaw,0,35,38,34,34,22,42,32,34,45,33,33,23,27,23,23,29,29,23,23,20,23,23,30,20,20,48,29,20,27,74,LIT,1000000,0,0,0,0,0,0,0,None,,44
Jean,Jackson,79,187,SF,6/25/2010,3,Tucson,AZ,Delaware,0,,0,2,5,2,5,2,5,2,5,20,2,5,2,5,2,5,2,5,2,5,2,5,2,5,2,5,18,2,2,2,27,Draft,0,0,0,0,0,0,0,0,None,,22
Tony,Leahy,79,217,SF,4/14/2009,27,Norfolk,VA,Old Dominion,0,,0,2,5,2,5,2,5,2,5,2,2,5,2,5,2,5,2,5,2,5,2,5,2,5,2,5,2,2,2,2,2,FA,0,0,0,0,0,0,0,0,None,,1
Rafa,Staudt,70,166,PG,4/9/2012,24,Whetstone,AZ,None,4,Dislocated Shoulder,0,29,36,46,51,26,44,41,41,46,30,36,37,45,18,25,49,53,44,51,11,12,18,20,28,33,69,14,17,23,77,LIT,1000000,0,0,0,0,0,0,0,None,,2
Isidoro,Halsell,71,149,C,11/26/2016,22,Las Vegas,NV,Arizona State,0,,0,37,61,24,29,12,38,9,18,22,21,21,12,20,45,63,14,28,15,29,40,40,39,39,27,45,25,28,17,38,45,QUA,0,0,0,0,0,0,0,0,None,,1
Wayne,Walker,77,184,SG,6/17/2010,11,West Warwick,RI,North Carolina State,0,,0,2,5,2,5,2,5,2,5,2,2,5,2,5,2,5,2,5,2,5,2,5,2,5,2,5,2,2,2,2,2,FA,0,0,0,0,0,0,0,0,None,,44
Mathew,Andrews,78,244,SF,3/24/2009,24,Lakewood,CA,Stanford,0,,0,2,5,2,5,2,5,2,5,2,2,5,2,5,2,5,2,5,2,5,2,5,2,5,2,5,2,2,2,2,2,FA,0,0,0,0,0,0,0,0,None,,14
Ulysses,Reinsch,70,138,PG,8/7/2016,22,White Bear Lake,MN,Wisconsin,0,,0,16,34,26,27,27,38,16,39,27,19,33,29,31,11,26,28,32,23,30,27,28,21,39,19,31,44,25,31,21,70,QUA,0,0,0,0,0,0,0,0,None,,35
Emmett,Bamberger,61,147,PG,4/11/2012,12,Medical Lake,WA,None,2,,0,8,10,9,16,9,17,13,15,20,14,14,12,13,5,5,9,9,15,18,2,2,4,4,6,6,75,10,13,11,75,LIT,0,0,0,0,0,0,0,0,None,,29
Timmy,Wildman,67,172,SF,6/17/2012,32,Merryville,LA,None,2,,0,9,17,9,22,6,20,9,10,20,6,6,9,19,9,18,10,17,9,12,6,10,12,13,10,13,81,11,4,13,90,LIT,0,0,0,0,0,0,0,0,None,,42
Baltramiejus,Rinaldi,71,161,C,9/21/2012,51,Yucca Valley,CA,None,2,,0,16,25,7,8,5,9,2,2,6,4,4,7,8,14,19,2,6,2,7,18,22,10,16,9,16,69,14,5,8,54,REN,0,0,0,0,0,0,0,0,None,,20
Curt,Decremes,73,166,PF,9/16/2012,54,Rossmoor,CA,None,4,,0,44,53,16,32,14,21,8,8,4,10,11,14,34,50,62,14,29,14,20,48,50,36,39,31,50,34,38,14,30,73,JAC,1000000,0,0,0,0,0,0,0,None,,62
Bryant,Bernabé,76,196,PF,1/17/2011,35,Mayfield,OH,None,5,Broken Arm,0,2,5,2,5,2,5,2,5,2,2,5,2,5,2,5,2,5,2,5,2,5,2,5,2,5,2,2,2,2,2,FA,1000000,0,0,0,0,0,0,0,None,,70
Hans,Texeira,66,120,SG,5/5/2016,24,Claremont,CA,UC Santa Barbara,0,,0,22,43,35,56,18,47,28,53,37,40,40,25,61,9,34,25,38,44,55,6,23,20,26,19,28,60,24,14,27,56,QUA,0,0,0,0,0,0,0,0,None,,23
Efren,Castano,80,225,PF,5/1/2010,45,West Hamlin,WV,None,6,Groin Pull,0,2,5,2,5,2,5,2,5,2,2,5,2,5,2,5,2,5,2,5,2,5,2,5,2,5,2,2,2,2,2,FA,0,0,0,0,0,0,0,0,None,,57
William,Swann,75,202,PG,2/27/2009,20,Shreveport,LA,Arkansas,0,,0,2,5,2,5,2,5,2,5,6,2,5,2,5,2,3,2,5,2,5,2,5,2,3,2,5,49,2,2,2,74,Draft,0,0,0,0,0,0,0,0,None,,5
Scotty,Wieder,73,173,SG,6/25/2012,10,Rockwell City,IA,None,4,,0,30,58,38,60,24,42,17,35,29,33,46,37,43,31,52,28,52,29,30,24,42,34,54,28,55,68,18,30,29,84,DAL,1000000,0,0,0,0,0,0,0,None,,12
Scottie,Holguin,69,172,PG,11/8/2012,31,Stewartstown,PA,None,2,,0,34,41,22,27,25,37,22,36,18,20,30,29,35,18,34,26,35,30,34,20,25,21,24,39,42,59,35,22,20,52,JAC,1000000,0,0,0,0,0,0,0,None,,68
Jarrod,Flannery,74,185,SG,3/2/2011,28,Frost,TX,None,4,,0,2,5,2,5,2,5,2,5,2,2,5,2,5,2,5,2,5,2,5,2,5,2,5,2,5,2,2,2,2,2,FA,0,0,0,0,0,0,0,0,None,,73
Martin,Alba,67,146,PG,2/27/2012,11,Hopkins,MO,None,4,Concussion,0,27,50,29,55,30,48,31,50,44,34,41,33,56,18,26,28,39,27,46,10,14,18,33,18,44,36,25,35,26,57,ALB,1000000,0,0,0,0,0,0,0,None,,11
Rob,Moreno,84,249,C,12/11/2009,54,Milford,MI,Michigan State,1,,0,2,5,2,5,2,5,2,5,2,2,5,2,5,2,5,2,5,2,5,2,5,2,5,2,5,2,2,2,2,2,FA,0,0,0,0,0,0,0,0,None,,68
Scott,Jones,80,220,PF,7/20/2010,54,Charlottesville,VA,Sacred Heart,0,,0,2,5,2,5,2,5,0,0,0,2,5,1,1,2,5,2,5,2,5,2,5,2,5,2,5,53,2,2,2,40,Draft,0,0,0,0,0,0,0,0,None,,38
Jean,Williams,83,240,C,2/14/2009,34,Anaheim,CA,Montana State,0,,0,2,5,2,5,2,5,2,5,2,2,5,2,5,2,5,2,5,2,5,2,5,2,5,2,5,2,2,2,2,2,FA,0,0,0,0,0,0,0,0,None,,40
Daniel,Minnich,61,152,PG,11/10/2012,11,Gifford,FL,None,0,,0,8,9,11,11,10,21,8,16,51,17,21,10,13,4,4,12,15,13,14,2,2,6,6,7,9,47,10,11,12,59,JAC,0,0,0,0,0,0,0,0,None,,30
Eckehard,Solorio,72,167,SF,5/11/2016,7,Simpson,LA,None,1,,0,11,11,11,12,6,11,10,13,37,10,13,8,8,12,13,10,10,8,8,8,11,11,11,10,10,63,13,5,15,54,JAC,0,0,0,0,0,0,0,0,None,,81
Lee,Lords,86,258,C,4/18/2012,50,Valencia,PA,None,4,,0,8,12,8,14,8,25,10,11,6,8,23,10,19,6,17,9,12,12,12,11,15,7,22,4,14,41,6,5,8,70,JAC,1000000,0,0,0,0,0,0,0,None,,43
Wyatt,Fein,78,207,PF,11/16/2011,53,Redway,CA,None,5,Sprained Ankle,0,2,5,2,5,2,5,2,5,2,2,5,2,5,2,5,2,5,2,5,2,5,2,5,2,5,2,2,2,2,2,FA,0,0,0,0,0,0,0,0,None,,80
Rene,Adamek,72,156,SF,7/18/2016,5,San Rafael,Argentina,None,0,,0,25,42,40,47,21,50,33,45,48,26,33,21,37,11,17,22,50,22,43,10,14,20,23,19,26,34,14,33,34,59,MTL,0,0,0,0,0,0,0,0,None,,39
Heath,Nieman,80,232,PF,8/10/2010,33,Cibolo,TX,None,6,Inflamed Appendix,0,2,5,2,5,2,5,2,5,2,2,5,2,5,2,5,2,5,2,5,2,5,2,5,2,5,2,2,2,2,2,FA,0,0,0,0,0,0,0,0,None,,28
Jamison,Hoppe,79,213,SG,11/1/2010,27,Iola,KS,None,5,Sprained Ankle,0,2,5,2,5,2,5,2,5,2,2,5,2,5,2,5,2,5,2,5,2,5,2,5,2,5,2,2,2,2,5,FA,1000000,0,0,0,0,0,0,0,None,,51
Eronsele,Sambrano,74,173,SG,7/10/2012,52,San Diego,TX,None,4,Sprained Ankle,0,38,47,31,47,14,39,32,38,41,23,29,29,52,30,50,24,38,32,51,28,39,29,39,36,36,21,31,23,34,50,MEM,1000000,0,0,0,0,0,0,0,None,,74
Ismael,Lowry,73,144,SF,3/23/2015,17,New York,NY,Dayton,0,,0,2,4,2,4,2,5,2,4,15,2,4,2,4,2,4,2,4,2,4,2,4,2,4,2,4,42,2,2,2,73,FA,0,0,0,0,0,0,0,0,None,,45
Jesse,Mauffray,73,165,SF,7/14/2016,32,Dallas,TX,Oral Roberts,0,,0,36,58,9,25,11,36,6,9,2,9,21,10,17,24,36,10,15,12,23,28,58,36,66,17,43,32,38,12,31,56,QUA,0,0,0,0,0,0,0,0,None,,66
Benedict,Cormier,65,150,SG,6/5/2012,23,Gunnison,CO,None,3,Sprained Ankle,0,23,23,36,48,13,44,38,38,35,32,33,31,36,16,29,38,38,27,27,11,15,16,23,18,18,59,27,34,17,78,JER,1000000,0,0,0,0,0,0,0,None,,41
Sheldon,Wilson,81,217,PF,10/31/2011,51,Bartlett,IL,North Dakota,0,,0,2,5,2,5,2,5,2,3,3,2,5,1,2,2,5,1,1,2,5,2,5,2,5,2,5,69,2,2,2,59,Draft,0,0,0,0,0,0,0,0,None,,35
Juozapas,Katzer,68,162,PG,6/18/2012,2,Lane,SC,None,4,Broken Jaw,0,26,32,27,42,25,39,46,51,60,28,35,34,41,14,25,39,40,37,44,13,13,15,15,14,25,36,30,41,26,71,DAL,1000000,0,0,0,0,0,0,0,None,,5
Joel,Hartsfield,72,148,SF,6/24/2016,51,Rio Rancho,NM,New Mexico,0,,0,30,44,19,20,12,36,13,13,6,13,19,13,22,35,40,8,25,13,16,25,25,31,33,42,51,64,22,8,22,45,QUA,0,0,0,0,0,0,0,0,None,,58
Sergio,Cojuango,79,200,SF,6/1/2011,7,Inca,Spain,None,0,,0,1,4,2,5,2,5,2,5,43,2,5,1,3,2,5,2,5,2,5,2,5,2,5,2,5,58,2,2,2,35,Draft,0,0,0,0,0,0,0,0,None,,42
Harland,Saum,69,162,PG,6/17/2012,22,Footville,WI,None,1,,0,9,17,12,30,6,27,9,15,28,10,21,18,26,5,13,9,20,11,20,3,3,5,5,8,14,68,10,8,11,69,DAL,0,0,0,0,0,0,0,0,None,,34
Courtney,Rentas,69,176,SF,6/24/2012,27,Bagley,MN,None,0,,0,10,23,11,18,7,19,8,19,39,8,8,9,16,9,19,11,23,9,9,9,15,8,16,14,18,31,11,8,13,58,DAL,0,0,0,0,0,0,0,0,None,,77
Ayberk,Castenada,76,203,C,1/11/2012,43,Backus,MN,None,4,,0,23,37,7,14,6,11,3,3,8,6,7,7,15,21,37,6,14,6,8,22,29,12,19,17,28,27,18,6,12,85,REN,1000000,0,0,0,0,0,0,0,None,,18
Ronald,Sheets,70,153,PG,1/26/2010,30,Sugar Land,TX,Louisiana State,0,,0,1,4,2,5,2,5,2,5,24,2,5,2,5,2,5,2,5,2,5,2,4,2,5,2,5,46,2,2,2,69,Draft,0,0,0,0,0,0,0,0,None,,53
Caner,Zeng,71,152,PG,1/2/2016,23,Ontario,CA,UCLA,0,,0,18,44,31,58,22,30,33,57,51,20,38,24,51,14,20,17,35,33,46,9,12,18,20,13,38,61,29,31,26,56,REN,0,0,0,0,0,0,0,0,None,,93
Ernie,Martin,78,241,C,1/6/2009,20,Los Altos,CA,Cal State Northridge,1,Sprained Ankle,0,2,5,2,5,2,5,2,5,2,2,5,2,5,2,5,2,5,2,5,2,5,2,5,2,5,2,2,2,2,6,FA,0,0,0,0,0,0,0,0,None,,58
Kristofer,Kunca,70,152,SG,4/20/2016,10,Plzen,Czech Republic,None,0,,0,26,30,18,20,17,33,13,17,23,14,23,16,16,29,45,13,22,10,19,38,42,38,43,27,51,49,23,29,21,69,REN,0,0,0,0,0,0,0,0,None,,60
Donald,Jackson,78,224,SG,3/30/2009,27,Jackson,NC,South Carolina,0,,0,2,5,2,5,2,5,2,5,2,2,5,2,5,2,5,2,5,2,5,2,5,2,5,2,5,2,2,2,2,2,FA,0,0,0,0,0,0,0,0,None,,51
Darell,Breton,75,179,SG,2/1/2011,6,Taylorsville,IN,None,5,,0,2,5,2,5,2,5,2,5,2,2,5,2,5,2,5,2,5,2,5,2,5,2,5,2,5,2,2,2,2,3,FA,1000000,0,0,0,0,0,0,0,None,,49
Willard,Schwartz,72,177,PG,4/20/2013,11,Walnut,CA,None,0,,0,2,5,2,5,2,5,2,5,14,2,5,2,5,2,5,2,5,2,5,1,2,2,5,2,5,8,2,2,2,53,Draft,0,0,0,0,0,0,0,0,None,,37
Val,Kung,74,186,SG,4/11/2011,27,Brandon,MS,None,5,Broken Foot,0,2,5,2,5,2,5,2,5,2,2,5,2,5,2,5,2,5,2,5,2,5,2,5,2,5,2,2,2,2,5,FA,1000000,0,0,0,0,0,0,0,None,,24
Theo,Pak,74,174,C,7/12/2015,41,Richmond,KY,Kentucky,0,,0,2,5,2,5,2,5,2,5,1,2,5,2,5,2,5,2,5,2,5,2,5,2,5,2,5,66,2,2,2,82,FA,0,0,0,0,0,0,0,0,None,,52
Jarrett,Redeker,74,171,SG,7/8/2016,41,St. Charles,MO,Memphis,0,,0,29,50,27,49,22,54,22,27,42,18,42,17,38,24,39,29,42,19,51,17,45,28,52,22,47,61,22,18,21,65,REN,0,0,0,0,0,0,0,0,None,,53
Derick,Debonis,61,151,PG,4/16/2012,21,Sutherland,NE,None,4,,0,24,26,44,50,41,43,30,36,54,43,51,69,69,13,15,26,38,48,48,8,8,13,16,19,23,37,18,23,27,55,JER,1000000,0,0,0,0,0,0,0,None,,13
Matt,Garcia,77,207,SG,4/16/2010,28,Flower Mound,TX,Stony Brook,0,,0,2,5,2,5,2,5,2,5,2,2,5,2,5,2,5,2,5,2,5,2,5,2,5,2,5,2,2,2,2,10,FA,0,0,0,0,0,0,0,0,None,,28
Camille,Cavender,69,161,PG,4/9/2012,14,Whitehouse,TX,None,2,,0,7,10,9,10,9,16,14,15,41,11,14,12,18,2,2,9,10,11,13,2,2,5,6,7,7,26,10,11,9,66,JER,0,0,0,0,0,0,0,0,None,,75
Yilmazok,Olivera,71,182,SF,10/1/2016,20,Fort Mill,SC,None,1,,0,13,13,10,20,4,17,9,9,40,9,9,9,9,10,16,9,20,10,16,8,8,10,11,8,12,51,11,9,16,86,JER,0,0,0,0,0,0,0,0,None,,44
Firmino,Enrique,75,183,SF,2/15/2012,4,Paguate,NM,None,2,,0,15,26,8,16,5,12,4,4,4,4,4,6,13,15,26,7,17,6,8,12,18,17,22,15,30,55,18,4,9,62,DAL,1000000,0,0,0,0,0,0,0,None,,4
Alvaro,Synder,72,180,C,11/1/2012,52,Lehigh,IA,None,4,Sprained Ankle,0,42,42,18,18,16,30,6,6,8,10,10,11,13,32,32,9,11,14,14,37,37,24,24,27,27,67,34,11,33,66,ARI,1000000,0,0,0,0,0,0,0,None,,7
Agustin,Lukas,71,157,SG,12/20/2015,33,East Orange,NJ,Rider,1,,0,29,40,30,38,24,44,23,43,23,20,28,26,39,28,32,28,29,28,28,9,30,26,37,32,50,74,28,20,36,86,SAS,0,0,0,0,0,0,0,0,None,,40
Ira,Tokarski,76,194,C,6/11/2015,55,Gulf Gate Estates,FL,Miami,0,,0,2,5,2,5,2,5,2,5,3,2,5,2,5,2,5,2,5,2,5,2,5,2,5,2,5,23,2,2,2,58,FA,0,0,0,0,0,0,0,0,None,,61
Van,Albus,73,179,SF,3/12/2012,40,Union Park,FL,None,4,Sprained Ankle,0,66,66,46,46,29,44,31,34,5,33,33,38,39,49,49,40,42,33,33,47,68,63,78,60,60,26,52,35,61,89,ARI,1000000,0,0,0,0,0,0,0,None,,93
William,Berner,80,195,SF,1/25/2009,8,Cerritos,CA,Arizona,0,,0,2,5,2,5,2,5,2,5,8,2,5,2,5,2,5,2,5,2,5,2,5,2,5,2,5,39,2,2,2,29,Draft,0,0,0,0,0,0,0,0,None,,64
Leland,Bernotavicius,72,168,SF,7/20/2012,30,Ulysses,PA,None,4,,0,52,61,52,52,43,72,54,54,42,37,37,58,58,44,54,57,57,54,54,41,49,46,51,45,45,64,53,46,50,55,MTL,1000000,0,0,0,0,0,0,0,None,,2
Roscoe,Jackson,71,195,PG,12/15/2009,34,Twentynine Palms,CA,Montana,0,,0,2,5,2,5,2,5,2,5,8,2,5,2,5,1,1,2,5,0,0,2,5,2,5,2,5,81,2,2,2,58,Draft,0,0,0,0,0,0,0,0,None,,43
David,Rape,71,176,SG,2/11/2012,16,Salton City,CA,None,4,Sprained Knee,0,20,20,28,28,19,52,28,36,55,28,30,31,31,21,24,30,30,26,37,7,9,15,15,13,24,49,31,32,36,55,ARI,1000000,0,0,0,0,0,0,0,None,,81
Arthur,Gaines,80,225,PF,3/25/2009,40,Edinburgh,England,None,0,,0,2,5,2,5,2,5,2,5,14,2,5,2,4,2,5,2,5,2,5,2,3,2,5,2,5,44,2,2,2,65,Draft,0,0,0,0,0,0,0,0,None,,81
Dewitt,McClintock,81,202,PF,3/18/2009,50,Brisbane,Australia,None,0,,0,2,5,2,5,2,5,0,0,0,2,5,2,5,2,5,2,5,2,5,2,5,2,5,2,5,76,2,2,2,35,Draft,0,0,0,0,0,0,0,0,None,,49
Jospeh,Cuff,73,180,C,4/24/2015,41,Omaha,NE,Texas,0,,0,2,5,2,5,2,5,2,5,4,2,5,2,5,2,5,2,5,2,5,2,5,2,5,2,5,65,2,2,2,43,FA,0,0,0,0,0,0,0,0,None,,100
Ede,Sutphin,66,144,SG,11/18/2012,12,Ringtown,PA,None,2,,0,22,23,35,35,24,39,33,33,25,48,48,41,41,10,13,21,28,31,31,4,5,9,9,14,14,60,14,28,18,60,ARI,1000000,0,0,0,0,0,0,0,None,,48
Jaime,Fore,75,188,SF,12/4/2016,1,Chillicothe,OH,None,1,,0,11,24,9,19,10,20,13,14,38,7,12,10,15,7,20,8,15,11,20,5,20,4,15,6,20,18,7,11,12,73,ARI,1000000,0,0,0,0,0,0,0,None,,43
Tito,Roman,71,168,SF,8/9/2016,10,Brownsville,MN,None,1,,0,10,14,10,19,7,16,11,13,32,11,12,11,12,11,12,10,20,8,16,9,14,8,15,12,12,49,11,8,11,51,ARI,0,0,0,0,0,0,0,0,None,,35
Andy,Johannes,77,183,C,6/21/2012,51,Garden City,CO,None,4,,0,16,38,9,26,4,13,5,6,5,5,5,7,22,10,30,6,21,7,14,20,34,10,16,14,21,76,21,5,11,54,ARI,1000000,0,0,0,0,0,0,0,None,,59
William,Anderson,73,205,SG,9/22/2009,35,Parkville,MD,Illinois,0,,0,2,5,2,5,2,5,2,5,26,2,5,2,5,2,5,2,5,2,5,2,5,2,4,1,1,51,2,2,2,45,FA,0,0,0,0,0,0,0,0,None,,46
Garret,Aguila,80,177,SG,3/19/2011,21,Laguna West-Lakeside,CA,Southern California,0,,0,2,5,2,5,2,5,0,0,0,2,5,2,5,2,5,2,5,2,5,2,5,2,5,2,5,88,2,2,2,50,Draft,0,0,0,0,0,0,0,0,None,,4
Chris,Payne,79,218,SF,5/16/2010,20,Franklin,TN,Oklahoma State,0,,0,2,5,2,5,2,5,1,1,1,2,5,2,5,2,5,2,5,2,5,2,5,2,5,2,5,73,2,2,2,64,Draft,0,0,0,0,0,0,0,0,None,,41
Jack,Castleman,81,203,SF,1/1/2009,21,Spring Hill,FL,Pittsburgh,0,,0,0,1,2,5,2,5,2,5,12,2,5,2,5,2,4,2,5,2,5,2,5,1,3,2,4,5,2,2,2,29,Draft,0,0,0,0,0,0,0,0,None,,11
Ryan,Johnson,79,225,SG,5/14/2009,28,Franklin,KY,Western Kentucky,0,,0,2,5,2,5,2,5,2,5,22,2,5,2,5,1,1,2,5,2,3,2,5,2,3,2,5,59,2,2,2,51,Draft,0,0,0,0,0,0,0,0,None,,56
Abe,Sistrunk,73,183,SF,3/21/2012,28,Encinal,NM,None,4,Broken Finger,0,33,41,30,40,38,41,30,32,31,26,41,35,48,33,42,21,41,22,34,26,35,22,38,31,36,22,21,31,27,89,FLE,1000000,0,0,0,0,0,0,0,None,,52
Rex,Spurlock,74,200,SG,3/27/2012,15,Rhinebeck,NY,None,4,Broken Finger,0,29,39,31,31,32,47,27,27,28,22,25,26,28,28,28,22,22,26,26,14,29,26,26,28,28,60,28,34,25,60,LOU,1000000,0,0,0,0,0,0,0,None,,59
Don,Keniston,77,190,C,1/25/2010,32,Sioux Center,IA,None,6,,0,2,5,2,5,2,5,2,5,2,2,5,2,5,2,5,2,5,2,5,2,5,2,5,2,5,2,2,2,2,4,FA,1000000,0,0,0,0,0,0,0,None,,60
Chuckwuemeka,Newhard,71,165,PF,7/22/2015,0,Long Beach,CA,Santa Clara,0,,0,27,41,13,22,18,24,13,13,16,22,24,8,27,35,35,10,18,11,20,28,47,35,54,37,37,47,26,10,32,83,LOU,0,0,0,0,0,0,0,0,None,,67
Kendall,Bosserman,68,164,PG,8/3/2012,3,Bartonville,TX,None,1,,0,22,28,40,40,16,54,34,38,51,39,49,26,41,19,19,25,25,32,32,12,12,13,23,23,26,61,24,21,26,53,FLE,1000000,0,0,0,0,0,0,0,None,,27
Mark,Bluhm,81,235,PF,9/12/2009,35,Burkburnett,TX,Sam Houston State,0,,0,2,5,2,5,2,5,2,5,8,2,5,1,2,2,5,2,5,2,5,2,5,2,5,2,5,81,2,2,2,13,Draft,0,0,0,0,0,0,0,0,None,,76
Terry,Parnell,66,158,PG,3/9/2012,10,Williamsville,MO,None,4,,0,21,23,35,35,27,52,40,42,48,34,38,50,50,10,12,41,41,25,37,5,5,8,8,11,12,35,21,24,30,88,FLE,1000000,0,0,0,0,0,0,0,None,,43
Domingo,Len,69,137,PG,7/4/2016,25,Moscow,TN,None,1,,0,7,7,10,16,8,27,15,15,30,17,21,15,19,7,7,12,13,12,18,3,3,4,4,8,9,40,11,6,11,79,FLE,0,0,0,0,0,0,0,0,None,,47
Jules,Mumaw,71,176,SF,1/23/2012,34,Fairmount,IL,None,1,,0,8,19,8,12,7,19,8,16,24,9,16,12,13,11,11,11,19,11,11,7,16,10,10,12,19,22,12,6,15,63,FLE,0,0,0,0,0,0,0,0,None,,59
Keenan,Wagar,74,167,PF,3/9/2016,0,Poquott,NY,None,1,,0,11,17,7,12,4,12,2,2,2,5,5,7,17,17,24,6,13,6,7,14,23,24,28,13,17,33,16,7,9,60,FLE,1000000,0,0,0,0,0,0,0,None,,30
Aktug,Dittmar,76,178,PF,2/10/2015,41,Weymouth,MA,Marquette,2,,0,27,42,25,30,19,36,9,22,17,13,20,12,41,19,55,15,38,12,25,29,44,31,44,37,51,65,22,10,36,90,SAS,0,0,0,0,0,0,0,0,None,,71
Joe,Nelson,75,167,PG,6/27/2010,1,East Point,GA,Kentucky,0,,0,2,5,2,5,2,5,2,5,2,2,5,2,5,2,5,2,5,2,5,2,5,2,5,2,5,2,2,2,2,2,FA,0,0,0,0,0,0,0,0,None,,17
Stan,Cover,72,175,SF,5/11/2015,50,Elizabeth,NJ,Siena,0,,0,2,5,2,5,2,5,2,5,35,2,5,2,5,2,5,2,5,2,5,2,5,2,5,2,5,67,2,2,2,75,FA,0,0,0,0,0,0,0,0,None,,74
Erwin,Gleason,70,154,C,11/14/2015,53,Cape Coral,FL,Charlotte,0,,0,25,41,10,27,16,32,16,16,22,7,18,13,20,19,47,12,26,11,18,31,48,32,54,31,42,28,31,11,18,40,ARI,0,0,0,0,0,0,0,0,None,,66
Omer,Spencer,77,201,SG,7/11/2009,34,Lenexa,KS,Wichita State,0,,0,2,5,2,5,2,5,2,5,2,2,5,2,5,2,5,2,5,2,5,2,5,2,5,2,5,2,2,2,2,2,FA,0,0,0,0,0,0,0,0,None,,58
Georg,Byfield,75,169,C,2/3/2014,42,Pawtucket,RI,Northern Illinois,1,,0,2,4,2,4,2,5,2,4,3,2,4,2,4,2,4,2,4,2,4,2,4,2,4,2,4,48,2,2,2,73,FA,0,0,0,0,0,0,0,0,None,,21
Chris,Bernard,69,134,SG,10/3/2016,33,Zagreb,Croatia,None,0,,0,18,33,32,35,30,38,27,29,28,38,38,32,34,11,17,17,35,38,50,12,17,17,23,16,23,63,14,15,18,77,REN,0,0,0,0,0,0,0,0,None,,96
Earl,Deak,74,166,PF,8/4/2016,44,Paris,IL,Northern Illinois,1,Broken Nose,0,34,46,16,25,6,38,5,6,4,13,16,12,19,34,42,11,18,9,23,23,50,29,50,33,50,79,29,10,19,64,ARI,0,0,0,0,0,0,0,0,None,,16
Charlie,McGann,69,148,PG,11/26/2016,5,Versailles,KY,Western Kentucky,0,,0,20,40,21,48,8,34,17,25,25,11,20,19,31,23,51,15,38,11,23,19,47,37,46,29,66,37,22,28,23,66,REN,0,0,0,0,0,0,0,0,None,,67
Ira,Mealer,73,175,SF,7/16/2016,45,Lowell,MA,Duke,0,,0,19,38,17,23,29,29,28,28,26,18,20,19,21,11,35,14,31,24,36,12,29,25,40,18,28,64,25,34,23,69,LOU,0,0,0,0,0,0,0,0,None,,54
Douglas,Cummings,81,216,SF,7/14/2009,6,Peoria,IL,Pittsburgh,0,,0,1,2,2,5,2,5,2,5,8,2,5,2,5,2,5,2,5,2,5,2,5,2,5,2,5,81,2,2,2,61,Draft,0,0,0,0,0,0,0,0,None,,43
Normand,Lakey,69,146,PG,12/20/2016,26,New York,NY,Syracuse,0,,0,17,27,33,33,18,50,33,36,32,31,31,27,27,17,26,25,26,18,27,8,17,9,17,17,18,28,19,37,32,55,LOU,0,0,0,0,0,0,0,0,None,,85
Antoine,Ferguson,84,227,C,6/20/2010,33,Silver Spring,MD,Maryland,0,,0,2,5,2,5,2,5,2,5,2,2,5,2,5,2,5,2,5,2,5,2,5,2,5,2,5,2,2,2,2,2,FA,0,0,0,0,0,0,0,0,None,,41
Efren,Harkless,73,170,PF,5/25/2015,20,San Antonio,TX,Troy,0,Hyperextended Knee,0,32,51,12,29,12,35,4,9,8,6,19,9,25,33,41,8,18,7,14,35,61,40,48,38,53,60,37,15,20,44,ARI,0,0,0,0,0,0,0,0,None,,47
Tom,Puleo,74,176,PF,10/21/2014,53,Poughkeepsie,NY,Cleveland State,1,,0,2,3,2,3,2,5,2,3,19,2,3,2,3,2,3,2,3,2,3,2,3,2,4,2,3,37,2,2,2,68,FA,0,0,0,0,0,0,0,0,None,,58
Bernie,Welsh,74,180,PF,7/6/2014,0,Chardon,OH,Eastern Kentucky,1,,0,33,33,8,19,10,25,7,7,6,10,18,9,17,24,42,11,13,10,18,40,46,19,39,24,49,46,40,11,14,49,MTL,0,0,0,0,0,0,0,0,None,,25
Wilfred,Jolley,76,184,C,1/24/2014,50,El Paso,TX,UTEP,0,,0,2,5,2,5,2,5,2,5,6,2,5,2,5,2,5,2,5,2,5,2,5,2,5,2,5,29,2,2,2,61,FA,0,0,0,0,0,0,0,0,None,,5
Whitney,Cuadrado,77,185,C,4/13/2016,31,New York,NY,UTEP,0,,0,37,63,15,20,13,30,5,5,8,11,14,15,15,39,60,15,20,10,21,41,60,22,52,32,55,55,29,15,14,52,LOU,0,0,0,0,0,0,0,0,None,,92
Lyndon,Kidney,73,176,PF,8/11/2015,30,Greenville,SC,Tennessee Tech,0,,0,2,4,2,4,2,5,2,4,19,2,4,2,4,2,4,2,4,2,4,2,4,2,4,2,4,36,2,2,2,43,FA,0,0,0,0,0,0,0,0,None,,39
Perry,Jarmon,71,166,SF,7/18/2016,43,Milan,Italy,None,0,,0,14,39,25,45,20,42,23,35,39,25,32,21,31,23,28,31,46,23,33,26,28,21,38,32,43,57,21,18,28,83,LOU,0,0,0,0,0,0,0,0,None,,36
Hank,Senter,73,178,SF,6/1/2015,55,Woodlawn,MD,Cleveland State,0,,0,2,5,2,5,2,5,2,5,42,2,5,2,5,2,5,2,5,2,5,2,5,2,5,2,5,72,2,2,2,64,FA,0,0,0,0,0,0,0,0,None,,53
Malcolm,Cuffie,78,182,C,2/21/2014,31,Janesville,WI,Toledo,1,,0,2,5,2,5,2,5,2,5,5,2,4,2,5,2,5,2,5,2,5,2,4,2,5,2,5,45,2,2,2,71,FA,0,0,0,0,0,0,0,0,None,,67
David,Dixon,79,186,SF,2/20/2009,25,San Diego,CA,Denver,0,,0,2,5,2,5,2,5,2,5,6,2,5,2,5,2,5,2,5,2,5,2,5,2,5,2,3,22,2,2,2,63,Draft,0,0,0,0,0,0,0,0,None,,62
Bradly,Ager,65,134,SF,2/24/2015,13,Orland Park,IL,Illinois State,0,,0,21,35,41,58,19,54,14,45,51,27,55,33,46,18,27,38,38,19,46,9,18,10,16,17,28,56,13,15,26,67,DAL,0,0,0,0,0,0,0,0,None,,94
Walton,Sarkauskas,66,131,SG,9/13/2016,53,Asheville,NC,Tulane,0,,0,12,26,20,47,22,59,29,46,47,34,34,18,33,20,20,28,32,29,34,7,13,22,26,18,22,22,15,28,36,54,LOU,0,0,0,0,0,0,0,0,None,,72
Wilmer,Kreiger,72,158,C,2/20/2015,6,Cliffside Park,NJ,Rider,0,,0,2,5,2,5,2,5,2,4,4,2,5,2,5,2,5,2,5,2,5,2,5,2,5,2,5,73,2,2,2,50,FA,0,0,0,0,0,0,0,0,None,,35
Candan,Regal,76,153,C,7/19/2016,5,Timberlake,OH,Miami-Ohio,0,Bruised Hip,0,43,43,8,30,17,26,5,7,2,14,16,6,18,23,71,6,16,6,21,29,58,28,57,39,42,47,28,11,31,71,LOU,0,0,0,0,0,0,0,0,None,,50
Deangelo,Kennedy,78,213,SF,5/6/2009,31,Perris,CA,Stanford,1,,0,2,5,2,5,2,5,2,5,2,2,5,2,5,2,5,2,5,2,5,2,5,2,5,2,5,2,2,2,2,2,FA,0,0,0,0,0,0,0,0,None,,83
Winston,Chester,70,145,PF,6/3/2016,27,Kano,Nigeria,None,0,,0,18,40,21,21,25,30,8,19,14,16,18,19,19,25,48,21,23,13,20,31,31,22,39,27,51,60,26,16,21,86,LOU,0,0,0,0,0,0,0,0,None,,21
Andrew,Jackson,84,242,C,11/17/2011,50,Laguna Woods,CA,San Jose State,0,,0,2,5,2,5,2,5,2,5,2,2,5,2,5,2,5,2,5,2,5,2,5,2,5,2,5,2,2,2,2,2,FA,0,0,0,0,0,0,0,0,None,,51
Macario,Diener,72,174,SF,2/4/2016,28,Jennings,MO,Missouri,0,,0,17,42,22,55,17,40,17,30,45,21,45,20,40,19,29,14,46,22,42,19,31,26,27,23,44,20,25,25,24,90,JER,0,0,0,0,0,0,0,0,None,,40
Evan,Pereyra,76,183,C,5/2/2014,20,Boston,MA,Harvard,1,Severe Concussion,0,21,42,15,32,16,44,8,17,21,15,22,12,21,29,49,14,24,11,30,18,39,29,63,23,42,65,20,8,21,72,FLE,0,0,0,0,0,0,0,0,None,,21
Cory,Shorey,74,186,SF,5/1/2015,33,Sedona,AZ,UC Riverside,2,,0,22,34,30,36,31,37,13,30,41,15,37,17,40,18,32,24,37,17,38,17,28,19,32,36,44,65,20,21,39,59,LIT,0,0,0,0,0,0,0,0,None,,59
Rodney,Clark,83,248,C,11/7/2009,31,Crystal,MN,Minnesota,0,,0,2,5,2,5,2,5,2,5,2,2,5,2,5,2,5,2,5,2,5,2,5,2,5,2,5,2,2,2,2,2,FA,0,0,0,0,0,0,0,0,None,,5
Shannon,Pelfrey,72,162,PG,11/27/2016,51,Des Moines,IA,Ohio State,1,,0,33,48,51,75,36,69,68,78,41,61,83,62,62,31,39,57,81,44,53,20,24,24,46,36,42,59,44,53,30,56,MEM,0,0,0,0,0,0,0,0,None,,86
Robin,McFetridge,76,189,C,3/28/2016,32,Cimarron Hills,CO,Colorado,0,,0,35,66,10,20,10,33,4,7,6,5,14,10,18,35,66,12,16,18,20,28,39,31,48,31,41,49,26,14,25,55,MEM,0,0,0,0,0,0,0,0,None,,56
Ali,Hust,72,163,PG,10/2/2015,50,Houston,TX,South Carolina,2,Fractured Hip,5,23,26,31,50,27,46,35,55,49,29,37,23,33,15,22,32,36,28,39,4,14,16,19,9,20,30,18,36,25,81,SAS,0,0,0,0,0,0,0,0,None,,33
Yay,Duran,69,143,SG,7/14/2016,27,Bloomington,IN,Bowling Green,1,,0,21,25,27,42,18,38,37,37,48,28,35,32,37,12,24,18,34,31,38,10,16,15,23,18,18,58,19,15,19,63,SAS,0,0,0,0,0,0,0,0,None,,55
Irmak,Worcester,76,172,C,4/14/2015,41,Los Angeles,CA,Arizona State,0,,0,2,4,2,4,2,5,2,4,3,2,4,2,4,2,4,2,4,2,4,2,4,2,4,2,4,53,2,2,2,88,FA,0,0,0,0,0,0,0,0,None,,97
Hugues,Gheen,74,178,SF,4/15/2015,5,Pelham Manor,NY,Davidson,1,,0,2,4,2,4,2,5,2,4,24,2,4,2,4,2,4,2,4,2,4,2,4,2,4,2,4,70,2,2,2,77,FA,0,0,0,0,0,0,0,0,None,,60
Clemente,Hammer,79,208,PF,6/3/2014,45,Chelsea,MI,Indiana,1,,0,34,45,17,27,20,30,4,8,5,13,16,13,24,42,64,14,16,9,16,33,53,16,36,30,63,40,33,17,16,67,LIT,0,0,0,0,0,0,0,0,None,,25
Brice,Freese,74,191,SF,9/21/2014,14,Brockton,MA,Columbia,1,,0,12,29,19,38,12,44,20,20,35,23,28,18,30,27,28,22,40,13,32,20,21,14,32,18,42,58,17,15,30,93,SAS,0,0,0,0,0,0,0,0,None,,57
Frederick,Spurgin,71,159,PF,8/9/2016,53,Jonesboro,AR,Kentucky,1,,0,30,49,18,38,12,28,8,21,8,6,22,10,25,38,56,15,27,10,31,30,40,31,51,35,58,46,26,12,38,82,SAS,0,0,0,0,0,0,0,0,None,,34
Myron,Dohrmann,75,181,PF,5/17/2016,31,New York,NY,North Florida,0,Broken Ankle,75,26,40,12,33,18,34,17,18,21,18,23,9,25,18,60,9,35,9,23,39,39,28,50,20,42,63,30,19,24,49,SAS,0,0,0,0,0,0,0,0,None,,80
Josef,Clark,81,208,SF,2/9/2010,25,Brookport,IL,Illinois State,0,,0,2,5,2,5,2,5,2,5,49,2,5,2,5,2,5,2,5,2,5,0,0,2,5,2,5,48,2,2,2,70,Draft,0,0,0,0,0,0,0,0,None,,12
Zachariah,Johnson,79,226,SF,2/27/2009,3,Wyoming,MI,Michigan State,0,,0,2,5,2,5,2,5,2,5,2,2,5,2,5,2,5,2,5,2,5,2,5,2,5,2,5,2,2,2,2,2,FA,0,0,0,0,0,0,0,0,None,,94
Chimela,Hibler,76,189,PF,3/25/2014,55,Palm Beach Gardens,FL,Jacksonville,1,,0,28,56,14,30,15,27,3,7,1,13,13,15,15,22,62,15,20,10,21,44,66,34,51,48,51,58,40,18,29,89,LOU,0,0,0,0,0,0,0,0,None,,57
Willian,Mendez,80,246,C,12/29/2010,41,Mission Bend,TX,None,1,,0,2,5,2,5,2,5,2,5,2,2,5,2,5,2,5,2,5,2,5,2,5,2,5,2,5,2,2,2,2,2,FA,0,0,0,0,0,0,0,0,None,,99
Antonello,Dragon,73,168,SF,5/14/2014,42,Greensboro,NC,North Carolina Central,1,,0,28,51,23,37,18,28,7,24,3,21,30,17,28,29,47,13,21,20,27,15,43,25,38,23,37,29,12,21,29,56,LIN,0,0,0,0,0,0,0,0,None,,63
Jeffery,Lee,79,229,PF,2/24/2011,52,Atlanta,GA,Xavier,0,,0,2,5,2,5,2,5,2,5,2,2,5,2,5,2,5,2,5,2,5,2,5,2,5,2,5,2,2,2,2,2,FA,0,0,0,0,0,0,0,0,None,,99
Elliot,Pauls,74,168,PF,7/21/2014,0,New York,NY,None,1,,0,34,42,17,27,13,25,5,7,3,5,14,15,15,42,49,13,15,13,13,44,52,27,48,38,38,31,34,12,26,61,ARI,0,0,0,0,0,0,0,0,None,,29
Clayton,Miller,82,227,C,11/12/2009,54,Green Park,MO,Minnesota,1,,0,2,5,2,5,2,5,2,5,2,2,5,2,5,2,5,2,5,2,5,2,5,2,5,2,5,2,2,2,2,2,FA,0,0,0,0,0,0,0,0,None,,12
Pelops,Roda,82,255,C,9/16/2009,33,Ierápetra,Greece,None,1,,0,2,4,2,4,2,5,2,4,2,2,4,2,4,2,4,2,4,2,4,2,4,2,4,2,4,2,2,2,2,7,FA,0,0,0,0,0,0,0,0,None,,39
Jamison,Imperato,71,147,SG,10/11/2016,54,North Miami,FL,Tennessee-Martin,0,,0,11,23,27,53,22,49,29,44,50,23,49,21,44,17,21,13,38,20,54,7,11,21,21,16,34,47,17,23,24,65,MEM,0,0,0,0,0,0,0,0,None,,49
Floyd,Nalls,72,159,SG,4/7/2016,26,Chicago,IL,Kansas State,1,,0,16,42,22,36,23,40,32,37,20,16,41,14,36,22,33,33,52,27,41,14,42,20,35,24,32,21,22,22,18,65,SAS,0,0,0,0,0,0,0,0,None,,94
Arne,Kavanagh,65,130,SG,4/25/2016,30,East Los Angeles,CA,San Diego State,0,,0,21,29,40,51,26,40,17,41,41,40,65,22,51,5,16,16,42,35,48,5,8,9,22,21,25,40,19,27,26,75,MEM,0,0,0,0,0,0,0,0,None,,58
Estavan,Chedraui,81,227,PF,5/31/2009,53,Niceville,FL,Florida,0,,0,2,5,2,5,2,5,2,5,2,2,5,2,5,2,5,2,5,2,5,2,5,2,5,2,5,2,2,2,2,2,FA,0,0,0,0,0,0,0,0,None,,36
Ferdinand,Trautman,76,179,PF,11/20/2014,55,South Woodbridge,CA,Nevada,1,,0,30,54,10,29,14,31,4,5,2,9,18,8,25,32,40,15,20,13,19,33,52,39,48,40,47,73,21,7,31,51,FLE,0,0,0,0,0,0,0,0,None,,27
Maximo,Forest,78,227,SG,11/30/2009,22,Sheboygan,WI,Memphis,0,,0,2,4,2,4,2,5,2,4,2,2,4,2,4,2,4,2,4,2,4,2,4,2,4,2,4,2,2,2,2,11,FA,0,0,0,0,0,0,0,0,None,,13
Michael,Jensen,81,246,PF,5/21/2010,50,Philadelphia,PA,Temple,0,,0,2,5,2,5,2,5,2,5,2,2,5,2,5,2,5,2,5,2,5,2,5,2,5,2,5,2,2,2,2,2,FA,0,0,0,0,0,0,0,0,None,,99
August,Bevacqua,77,193,C,4/15/2015,34,Naperville,IL,Northern Iowa,1,,0,20,37,18,26,18,28,4,9,8,7,10,8,19,30,42,17,17,12,20,55,55,27,50,29,44,54,34,12,24,46,ALB,0,0,0,0,0,0,0,0,None,,50
Arnold,Etienne,78,204,C,9/2/2014,55,North Miami,OK,Kansas,1,Sprained Ankle,0,28,46,13,17,10,40,6,9,2,7,10,14,22,29,43,11,17,10,17,29,49,34,34,35,55,58,29,6,31,63,LIN,0,0,0,0,0,0,0,0,None,,78
Wes,King,80,237,PF,3/27/2012,41,Winston,OR,None,0,,0,2,4,2,4,2,5,0,0,0,2,4,1,1,2,4,2,4,2,4,2,4,2,4,2,4,62,2,2,2,56,FA,0,0,0,0,0,0,0,0,None,,4
Hubert,Jung,76,168,PF,2/7/2016,42,Tucson,AZ,Boise State,1,,0,32,45,14,19,10,28,3,6,6,6,15,17,21,30,40,7,18,10,14,47,47,38,46,34,47,70,30,15,19,85,MEM,0,0,0,0,0,0,0,0,None,,94
Olapade,Reitz,70,151,PF,2/16/2016,43,East San Gabriel,CA,UC Davis,0,,0,34,46,21,30,18,32,8,16,10,11,21,14,16,28,41,14,22,8,28,17,37,21,44,31,47,47,33,23,16,44,MEM,0,0,0,0,0,0,0,0,None,,75
Efren,Chock,74,171,PF,3/5/2016,34,Louisburg,NC,Stony Brook,0,,0,32,42,19,19,22,26,4,6,0,7,13,9,18,31,49,10,18,7,15,35,71,34,56,37,55,26,42,14,29,65,LIT,0,0,0,0,0,0,0,0,None,,26
Anthony,Klotz,69,155,PG,1/28/2015,23,Chicago,IL,Marquette,1,,0,18,29,22,28,34,34,29,30,31,19,43,25,39,10,21,27,30,31,40,13,13,9,24,24,30,55,25,20,21,64,PIE,0,0,0,0,0,0,0,0,None,,15
Anibal,Nations,68,129,SG,2/15/2016,7,Othello,WA,Portland,1,Patellar Tendanitis,0,16,23,30,50,38,49,21,39,41,32,32,26,32,18,23,24,37,21,46,6,16,19,19,7,23,54,17,23,25,53,WET,0,0,0,0,0,0,0,0,None,,87
Jay,Hinton,81,252,PF,8/24/2009,55,Atlanta,GA,Marshall,0,,0,2,5,2,5,2,5,2,5,2,2,5,2,5,2,5,2,5,2,5,2,5,2,5,2,5,2,2,2,2,2,FA,0,0,0,0,0,0,0,0,None,,24
Aren,Savoie,74,173,PF,2/14/2015,31,Concordia,KS,Wichita State,1,,0,62,66,52,61,29,41,28,30,24,38,43,26,42,51,69,28,41,32,38,52,68,68,85,52,81,54,71,37,25,66,LIN,0,0,0,0,0,0,0,0,None,,77
Arlie,Lesko,73,175,PF,12/26/2014,21,New York,NY,College of Charleston,1,,0,36,38,9,30,18,32,9,18,8,11,31,8,22,35,52,15,25,20,32,27,42,30,50,21,43,23,22,18,17,84,LIN,0,0,0,0,0,0,0,0,None,,61
Desiderio,Terreros,80,191,SF,1/21/2009,18,Buffalo,NY,Pittsburgh,0,,0,2,5,2,5,2,5,2,5,20,2,5,2,5,2,5,2,5,2,5,2,5,2,5,2,5,81,2,2,2,32,Draft,0,0,0,0,0,0,0,0,None,,6
Nedim,Yap,77,193,C,4/25/2014,32,San Antonio,TX,Texas Christian,1,,0,2,5,2,5,2,5,2,5,4,2,5,2,5,2,5,2,5,2,5,2,5,2,5,2,5,56,2,2,2,64,FA,0,0,0,0,0,0,0,0,None,,95
Osvaldo,Tapia,80,249,PF,3/5/2010,45,El Dorado Hills,CA,UC Irvine,0,,0,2,5,2,5,2,5,2,5,2,2,5,2,5,2,5,2,5,2,5,2,5,2,5,2,5,2,2,2,2,2,FA,0,0,0,0,0,0,0,0,None,,49
Forest,Galli,75,183,SF,1/11/2016,5,Daphne,AL,Clemson,0,,0,17,57,11,17,16,26,6,7,4,11,11,17,17,29,34,12,18,9,15,25,43,46,46,40,61,64,19,22,13,54,LIT,0,0,0,0,0,0,0,0,None,,79
Erasmo,Wixon,68,138,SF,4/4/2016,21,Zagreb,Croatia,None,0,,0,38,53,16,39,31,45,27,31,34,19,25,19,41,27,40,17,54,14,31,20,29,30,47,20,40,28,20,21,16,58,WET,0,0,0,0,0,0,0,0,None,,61
Arlen,Kriegel,65,120,SG,11/4/2016,33,St. Petersburg,FL,Bethune-Cookman,0,,0,22,29,21,53,19,36,32,47,39,20,47,15,42,16,29,40,41,23,36,9,14,18,18,18,24,72,11,24,18,48,WET,0,0,0,0,0,0,0,0,None,,49
Zachary,Peugh,63,125,PG,5/17/2016,26,New York,NY,Manhattan,0,,0,14,34,17,41,22,49,31,55,52,34,40,40,51,7,15,26,42,33,60,3,9,9,10,7,25,24,12,41,16,61,LIT,0,0,0,0,0,0,0,0,None,,41
Steven,Deibert,79,191,C,9/1/2016,40,New Orleans,LA,Iowa,0,,0,17,42,11,26,20,28,7,7,3,5,16,11,17,17,45,5,17,13,16,27,41,28,41,33,47,43,34,18,18,53,MTL,0,0,0,0,0,0,0,0,None,,99
Yigit,Inge,73,166,SF,7/15/2015,2,Naperville,IL,Illinois,0,,0,2,5,2,5,2,5,2,5,26,2,5,2,5,2,5,2,5,2,5,2,5,2,5,2,5,21,2,2,2,78,FA,0,0,0,0,0,0,0,0,None,,27
Cary,Tillison,73,172,SF,3/16/2015,55,Lyman,MS,Detroit,1,Groin Pull,0,23,41,22,28,33,49,11,29,27,17,34,25,35,22,40,16,45,10,43,19,29,31,48,23,38,63,28,12,30,90,MEM,0,0,0,0,0,0,0,0,None,,88
Denver,Sepeda,74,162,PF,6/3/2016,30,Kenosha,WI,Wisconsin,0,,0,43,43,11,20,15,29,5,6,2,9,15,12,15,32,39,13,14,12,19,38,59,32,37,34,54,67,23,14,23,45,WET,0,0,0,0,0,0,0,0,None,,23
Orsino,Vigue,77,179,C,4/11/2015,32,La Quinta,CA,Sacramento State,2,Sprained Knee,0,2,5,2,5,2,5,2,5,5,2,5,2,5,2,5,2,5,2,5,2,5,2,5,2,5,23,2,2,2,76,FA,0,0,0,0,0,0,0,0,None,,87
Nermin,Glueck,69,130,PF,2/5/2016,6,Baltimore,MD,Wake Forest,0,,0,30,47,24,30,12,39,12,22,6,13,29,22,24,26,33,22,28,15,30,18,50,28,53,26,45,27,13,11,33,86,WET,0,0,0,0,0,0,0,0,None,,67
Alvin,Houk,77,188,PF,1/18/2015,32,Medford,MA,Michigan State,1,,0,42,57,16,31,20,26,6,10,2,7,12,12,16,38,38,10,15,11,21,38,53,28,53,32,53,45,16,8,17,61,WET,0,0,0,0,0,0,0,0,None,,54
Junior,Iskra,75,173,C,10/3/2014,42,Madison,WI,Penn State,1,,0,2,5,2,5,2,5,2,5,6,2,5,2,5,2,5,2,5,2,5,2,5,2,5,2,5,74,2,2,2,43,FA,0,0,0,0,0,0,0,0,None,,91
Quincy,Alexander,83,250,PF,9/12/2009,31,Santa Ana,CA,UCLA,0,,0,2,5,2,5,2,5,2,5,2,2,5,2,5,2,5,2,5,2,5,2,5,2,5,2,5,2,2,2,2,2,FA,0,0,0,0,0,0,0,0,None,,83
Dannie,Nuckolls,78,201,PF,9/9/2014,40,New York,NY,None,1,,0,30,56,22,25,16,27,6,6,8,7,15,10,13,36,36,17,17,14,14,37,40,41,45,21,38,76,35,15,35,83,JAC,0,0,0,0,0,0,0,0,None,,54
Ekon,Kalman,73,175,PF,11/10/2015,33,Ooltewah,TN,South Carolina,2,,0,43,43,26,26,18,28,12,15,8,14,20,20,25,38,38,7,22,10,20,22,48,23,53,24,51,39,29,25,32,44,ARI,0,0,0,0,0,0,0,0,None,,35
Deshawn,McLachlan,73,164,PF,11/23/2016,44,Grevená,Greece,None,1,,0,25,59,28,53,14,33,14,26,5,13,28,17,37,39,57,19,35,22,28,29,56,36,60,32,63,76,24,14,16,66,PIE,0,0,0,0,0,0,0,0,None,,68
Malcom,Petway,67,127,SG,12/2/2016,45,New York,NY,Marquette,1,,0,20,20,36,36,16,55,27,50,46,28,42,18,23,15,21,24,39,26,36,5,15,11,20,18,26,43,18,38,22,58,JAC,0,0,0,0,0,0,0,0,None,,2
Brian,White,80,232,PF,3/24/2010,54,Lamont,CA,Portland State,0,,0,2,5,2,5,2,5,2,5,2,2,5,2,5,2,5,2,5,2,5,2,5,2,5,2,5,2,2,2,2,2,FA,0,0,0,0,0,0,0,0,None,,40
Vicente,Coronel,78,166,C,12/21/2016,17,Normal,IL,North Dakota,0,,0,23,52,11,22,17,27,5,5,1,11,11,9,21,25,61,6,25,8,17,26,53,19,46,41,50,27,45,13,23,71,ALB,0,0,0,0,0,0,0,0,None,,80
Dirk,Hotchkiss,79,240,SF,10/18/2009,30,Chicago,IL,Indiana State,1,,0,2,4,2,4,2,5,2,4,2,2,4,2,4,2,4,2,4,2,4,2,4,2,4,2,4,2,2,2,2,5,FA,0,0,0,0,0,0,0,0,None,,46
Terrance,Smith,82,220,SF,6/4/2012,9,Baltimore,MD,NJIT,0,,0,2,5,2,5,2,5,2,5,25,2,5,1,2,2,5,2,5,2,5,2,5,2,5,2,5,53,2,2,2,52,Draft,0,0,0,0,0,0,0,0,None,,38
Bartolomé,Espejo,84,252,C,6/8/2010,44,New York,NY,Syracuse,0,,0,2,5,2,5,2,5,2,5,2,2,5,2,5,2,5,2,5,2,5,2,5,2,5,2,5,2,2,2,2,2,FA,0,0,0,0,0,0,0,0,None,,92
Gregory,Marsh,79,218,SG,6/6/2010,21,Kansas City,KS,Memphis,0,,0,2,5,2,5,2,5,2,5,2,2,5,2,5,2,5,2,5,2,5,2,5,2,5,2,5,2,2,2,2,2,FA,0,0,0,0,0,0,0,0,None,,64
Jefferey,Bailey,78,226,SF,3/7/2008,27,Enosburg Falls,VT,American,0,,0,2,5,2,5,2,5,0,0,0,1,2,1,1,2,5,2,5,2,5,2,5,2,5,2,5,53,2,2,2,72,Draft,0,0,0,0,0,0,0,0,None,,41
Thomas,Big,75,168,SF,2/16/2016,30,Dallas,TX,Baylor,0,,0,25,56,24,24,11,44,12,12,25,21,21,13,25,34,34,16,20,20,28,35,35,25,41,29,29,58,30,16,31,83,JAC,0,0,0,0,0,0,0,0,None,,60
Chris,Conrad,79,210,SF,8/26/2009,21,Alderwood Manor,WA,Montana,0,,0,2,5,2,5,2,5,2,5,19,2,5,1,1,2,5,2,5,2,5,2,5,2,5,2,5,64,2,2,2,63,Draft,0,0,0,0,0,0,0,0,None,,86
Karakalpak,Basilio,73,185,C,9/18/2015,32,Collinsville,IL,Northwestern,1,,0,2,5,2,5,2,5,2,5,4,2,5,2,5,2,5,2,5,2,5,2,5,2,5,2,5,65,2,2,2,47,FA,0,0,0,0,0,0,0,0,None,,44
Efren,Shinault,71,137,SF,6/19/2016,10,Trelew,Argentina,None,0,,0,15,38,19,44,21,43,21,30,41,21,36,20,25,22,33,25,42,21,42,17,23,18,29,22,44,34,19,21,22,53,JAC,0,0,0,0,0,0,0,0,None,,41
Oben,Puleo,76,166,C,10/18/2014,35,Albany,GA,Western Kentucky,1,,0,2,5,2,5,2,5,2,5,3,2,5,2,5,2,5,2,5,2,5,2,5,2,5,2,5,41,2,2,2,73,FA,0,0,0,0,0,0,0,0,None,,42
Simon,Ducan,73,159,PF,12/7/2014,43,Denver,CO,Air Force,0,,0,2,5,2,5,2,5,2,5,18,2,5,2,5,2,5,2,5,2,5,2,5,2,5,2,5,78,2,2,2,80,FA,0,0,0,0,0,0,0,0,None,,53
Will,Erikson,73,168,PF,12/7/2015,42,Bayonne,NJ,Kentucky,0,,0,2,4,2,4,2,5,2,4,24,2,4,2,4,2,4,2,4,2,4,2,4,2,4,2,4,33,2,2,2,91,FA,0,0,0,0,0,0,0,0,None,,60
Harold,Chadbourne,78,203,C,7/17/2014,40,Norland,FL,Miami,1,,0,2,4,2,4,2,5,2,4,8,2,4,2,4,2,4,2,4,2,4,2,4,2,4,2,4,64,2,2,2,54,FA,0,0,0,0,0,0,0,0,None,,6
Davis,Biros,68,151,PF,4/28/2015,50,Woods Creek,WA,UNLV,0,,0,27,35,24,52,19,49,28,41,46,31,39,26,36,14,15,23,23,28,45,8,8,15,20,9,21,37,18,14,18,76,MEM,0,0,0,0,0,0,0,0,None,,24
Alonso,Petitt,66,128,PG,11/27/2016,44,Spring Hill,FL,Duke,0,,0,19,39,32,52,16,44,21,60,25,37,37,19,38,21,33,29,45,36,41,6,13,14,25,10,29,71,9,25,41,47,JAC,0,0,0,0,0,0,0,0,None,,4
Yinka,Touchette,74,167,C,2/7/2015,13,Hawthorne,CA,UMKC,0,,0,2,4,2,4,2,5,2,4,1,2,4,2,4,2,4,2,4,2,4,2,4,2,4,2,4,29,2,2,2,59,FA,0,0,0,0,0,0,0,0,None,,22
Bayar,Parkes,75,163,SG,10/6/2015,26,Plymouth,MA,Massachusetts,1,,0,28,62,13,31,8,34,12,21,7,15,19,13,30,34,57,13,26,15,24,29,57,23,58,26,42,25,27,17,34,85,JAC,0,0,0,0,0,0,0,0,None,,73
Nathanael,Hagemann,76,189,C,9/20/2014,44,Ossining,NY,West Virginia,1,,0,2,5,2,5,2,5,2,5,1,2,5,2,5,2,5,2,5,2,5,2,5,2,5,2,5,66,2,2,2,65,FA,0,0,0,0,0,0,0,0,None,,71
Micheal,Joyner,73,163,PF,1/16/2015,43,Paradise,NV,Nevada,1,,0,2,4,2,4,2,5,2,4,10,2,4,2,4,2,4,2,4,2,4,2,4,2,4,2,4,75,2,2,2,59,FA,0,0,0,0,0,0,0,0,None,,59
Kyle,Varga,79,174,C,12/1/2016,4,Clifton,CO,Utah State,0,,0,39,63,10,38,21,35,4,9,1,6,14,16,28,26,74,15,30,5,20,32,58,37,66,18,46,33,26,16,16,69,JAC,0,0,0,0,0,0,0,0,None,,37
Caron,Meiners,75,168,SF,2/8/2016,44,Pickens,SC,Ohio State,1,,0,22,40,26,26,10,41,15,17,14,16,27,11,33,35,38,11,35,11,20,29,50,45,56,23,47,76,32,23,20,58,JAC,0,0,0,0,0,0,0,0,None,,4
Wes,Runnels,67,130,SF,7/26/2016,42,Naugatuck,CT,Fairleigh Dickinson,0,,0,28,42,16,37,29,35,26,28,37,26,29,24,32,17,33,19,28,24,36,15,25,15,31,30,31,30,13,18,20,89,PIE,0,0,0,0,0,0,0,0,None,,66
Bennie,Anderson,78,219,SG,4/19/2012,12,Guntersville,AL,None,0,,0,2,4,2,4,2,5,2,4,9,2,4,2,4,2,4,2,4,2,4,2,4,1,1,2,4,2,2,2,2,57,FA,0,0,0,0,0,0,0,0,None,,62
Dan,Williams,82,230,PF,10/22/2010,54,Livermore,CA,Southern California,0,,0,2,5,2,5,2,5,2,5,2,2,5,2,5,2,5,2,5,2,5,2,5,2,5,2,5,2,2,2,2,2,FA,0,0,0,0,0,0,0,0,None,,76
Jess,Strobl,70,155,SG,4/8/2016,22,Laurinburg,NC,Gardner Webb,0,,0,21,36,36,64,26,43,37,60,38,22,41,26,43,9,19,25,47,27,31,12,12,15,23,14,25,29,22,24,16,56,DAL,0,0,0,0,0,0,0,0,None,,45
Leland,Jones,78,228,SF,3/1/2009,5,Charlottesville,VA,Southeastern Louisiana,0,,0,2,5,2,5,2,5,2,5,2,2,5,2,5,2,5,2,5,2,5,2,5,2,5,2,5,2,2,2,2,2,FA,0,0,0,0,0,0,0,0,None,,72
Dennis,Meyer,78,206,SF,5/2/2009,26,Cincinnati,OH,Bowling Green,1,,0,2,5,2,5,2,5,2,5,2,2,5,2,5,2,5,2,5,2,5,2,5,2,5,2,5,2,2,2,2,2,FA,0,0,0,0,0,0,0,0,None,,39
Forrest,Mowers,72,169,SF,8/1/2016,30,Woodfield,SC,Davidson,1,,0,20,47,18,57,28,48,23,70,39,22,44,14,44,12,29,25,54,30,40,10,23,8,19,13,29,70,16,18,27,69,ALB,0,0,0,0,0,0,0,0,None,,4
Sherwood,Racca,73,168,SF,2/4/2016,25,Clintonville,WI,Michigan,1,Bruised Cheekbone,0,23,56,9,26,11,25,5,7,3,9,19,16,16,34,46,11,23,13,19,42,52,42,54,32,56,48,15,18,27,84,PIE,0,0,0,0,0,0,0,0,None,,56
Steve,Croghan,71,143,SG,8/13/2016,51,San Bernardino,CA,Cal State Fullerton,1,,0,24,55,19,26,18,32,14,19,25,19,22,14,29,22,66,15,23,8,27,23,50,22,40,29,44,54,27,22,39,62,PIE,0,0,0,0,0,0,0,0,None,,34
Gaston,Desmillescamp,78,235,SF,6/14/2009,12,Montivilliers,France,None,0,,0,2,5,2,5,2,5,2,5,2,2,5,2,5,2,5,2,5,2,5,2,5,2,5,2,5,2,2,2,2,6,FA,0,0,0,0,0,0,0,0,None,,80
David,Shaffer,77,228,SG,4/24/2009,5,Stanford,KY,Charlotte,1,,0,2,5,2,5,2,5,2,5,2,2,5,2,5,2,5,2,5,2,5,2,5,2,5,2,5,2,2,2,2,8,FA,0,0,0,0,0,0,0,0,None,,90
Luca,Brinkmann,72,152,SG,12/20/2015,42,Maybee,MI,Ohio State,1,,0,2,5,2,5,2,5,2,5,56,2,5,2,5,2,5,2,5,2,5,2,5,2,5,2,5,34,2,2,2,84,FA,0,0,0,0,0,0,0,0,None,,18
Garrett,Rice,81,190,SF,9/15/2012,1,New York,NY,Monmouth,0,,0,2,5,2,5,2,5,0,0,0,2,5,2,5,2,5,1,2,2,5,2,5,2,5,2,5,4,2,2,2,39,Draft,0,0,0,0,0,0,0,0,None,,33
Dante,Lewis,77,221,SG,1/27/2010,27,Bayshore Gardens,FL,Butler,0,,0,2,5,2,5,2,5,2,5,2,2,5,2,5,2,5,2,5,2,5,2,5,2,5,2,5,2,2,2,2,2,FA,0,0,0,0,0,0,0,0,None,,35
Judson,Fulp,75,181,PF,7/16/2015,51,Zwickau,Germany,None,1,,0,2,4,2,4,2,5,2,4,19,2,4,2,4,2,4,2,4,2,4,2,4,2,4,2,4,66,2,2,2,63,FA,0,0,0,0,0,0,0,0,None,,64
Olen,McLemore,74,153,SF,2/13/2016,24,Lakewood,CA,Washington State,1,,0,25,57,27,44,16,49,31,43,38,18,34,28,55,14,45,28,53,30,45,14,31,21,38,35,36,36,24,15,25,67,MEM,0,0,0,0,0,0,0,0,None,,56
Pompeo,Werts,65,130,PG,11/10/2016,34,Laredo,TX,Texas,0,,0,17,27,30,58,14,35,24,56,60,17,39,26,30,14,27,21,58,18,44,5,15,11,32,14,23,24,14,30,15,73,DAL,0,0,0,0,0,0,0,0,None,,15
Dion,Tay,71,157,SG,4/25/2015,32,Callaway,FL,Morehead State,2,,0,36,80,12,32,18,23,5,9,5,13,14,11,27,17,60,17,27,13,20,25,62,40,60,42,82,47,27,16,29,84,JER,0,0,0,0,0,0,0,0,None,,33
George,McLeod,76,174,PG,7/30/2009,21,Safety Harbor,FL,USC Upstate,0,,0,2,5,2,5,2,5,2,5,2,2,5,2,5,2,5,2,5,2,5,2,5,2,5,2,5,2,2,2,2,2,FA,0,0,0,0,0,0,0,0,None,,2
Arturo,Jorden,69,164,PG,11/14/2015,42,Creedmoor,NC,Richmond,0,,0,21,35,20,42,24,48,30,41,37,17,45,15,35,10,22,33,39,12,42,5,16,19,19,16,21,45,15,26,23,50,LIN,0,0,0,0,0,0,0,0,None,,39
Darrin,Kato,79,186,C,8/28/2016,53,Houston,TX,Grambling State,0,,0,47,47,8,20,9,34,4,6,7,12,12,10,10,32,52,10,12,8,17,33,43,31,57,44,46,57,41,18,16,59,MTL,0,0,0,0,0,0,0,0,None,,74
Arslaner,Bongiovanni,76,154,PF,12/2/2016,41,Westlake,OH,Saint Louis,1,Broken Foot,0,28,54,11,25,14,33,4,7,8,10,14,10,19,25,35,6,19,16,16,34,40,24,58,25,59,73,31,16,33,67,DAL,0,0,0,0,0,0,0,0,None,,95
Palmer,Mosqueda,74,167,C,10/23/2015,43,Isla Vista,CA,UCLA,0,,0,2,5,2,5,2,5,2,5,7,2,5,2,5,2,5,2,5,2,5,2,5,2,5,2,5,55,2,2,2,49,FA,0,0,0,0,0,0,0,0,None,,51
Darryl,Long,81,245,PF,8/10/2009,34,El Paso,TX,None,2,,0,2,5,2,5,2,5,2,5,2,2,5,2,5,2,5,2,5,2,5,2,5,2,5,2,5,2,2,2,2,2,FA,0,0,0,0,0,0,0,0,None,,42
Isaiah,Wilhelm,72,169,SG,8/8/2016,54,Falls Church,VA,Virginia,0,,0,16,27,30,51,21,40,29,40,57,23,35,22,48,16,21,30,39,37,51,12,18,21,21,14,26,60,23,19,23,60,LIN,0,0,0,0,0,0,0,0,None,,47
Sebastian,Hucks,72,163,C,11/1/2015,45,Dothan,AL,Valparaiso,1,,0,2,4,2,4,2,5,2,4,3,2,4,2,4,2,4,2,4,2,4,2,4,2,4,2,4,22,2,2,2,69,FA,0,0,0,0,0,0,0,0,None,,85
Nathanael,Bey,71,159,PF,12/11/2016,42,Clinton,CT,Hartford,1,Dislocated Shoulder,0,26,53,28,39,14,40,7,27,20,19,21,9,32,28,60,15,38,7,34,26,55,33,61,37,56,51,14,15,21,55,DAL,0,0,0,0,0,0,0,0,None,,57
Vaidutis,Pappan,75,187,PF,8/6/2015,53,Wakefield,NE,Creighton,0,,0,2,5,2,5,2,5,2,5,24,2,5,2,5,2,5,2,5,2,5,2,5,2,5,2,5,65,2,2,2,44,FA,0,0,0,0,0,0,0,0,None,,90
Bradly,Cendejas,71,149,PF,9/1/2015,43,Norwalk,CA,San Diego,0,,0,30,37,16,29,15,30,4,7,2,8,17,16,16,31,41,14,18,11,15,49,76,33,40,40,54,74,28,19,27,56,LIT,0,0,0,0,0,0,0,0,None,,78
John,Riddle,74,227,SG,9/13/2009,20,La Porte,TX,Nicholls State,0,,0,2,5,2,5,2,5,1,2,2,2,5,2,5,2,3,2,5,2,5,2,3,2,5,2,5,55,2,2,2,70,Draft,0,0,0,0,0,0,0,0,None,,11
Gregory,Edwards,78,203,SG,11/25/2011,4,Bellevue,WA,Washington State,0,,0,2,5,2,5,2,5,2,5,26,2,5,2,5,2,5,2,5,2,3,2,5,2,3,2,5,96,2,2,2,67,Draft,0,0,0,0,0,0,0,0,None,,4
Richard,Rackley,77,188,SG,10/18/2011,15,Gallitzin,PA,Rutgers,0,,0,2,5,2,5,2,5,1,2,2,2,5,2,5,2,4,2,5,2,5,2,5,2,5,1,2,13,2,2,2,47,Draft,0,0,0,0,0,0,0,0,None,,56
Charles,Roberts,75,207,SG,7/3/2010,28,New York,NY,Army,0,,0,1,4,2,5,2,5,2,5,13,2,5,2,5,1,2,2,5,2,5,2,5,2,5,2,5,51,2,2,2,75,Draft,0,0,0,0,0,0,0,0,None,,65
Nicholas,Krikorian,75,173,PF,9/10/2015,41,New York,NY,Cornell,0,,0,2,5,2,5,2,5,2,5,19,2,5,2,5,2,5,2,5,2,5,2,5,2,5,2,5,67,2,2,2,51,FA,0,0,0,0,0,0,0,0,None,,32
Jack,Thomas,77,220,SG,1/19/2009,22,Detroit,MI,Marquette,0,,0,2,5,2,5,2,5,2,5,6,2,5,0,0,2,4,2,5,2,5,2,4,2,5,2,5,85,2,2,2,87,Draft,0,0,0,0,0,0,0,0,None,,59
Bennie,Poirrier,73,167,PF,11/10/2016,12,Los Angeles,CA,California,0,,0,39,45,12,29,12,37,4,8,5,10,14,15,26,45,45,12,21,8,21,30,46,36,48,34,59,56,42,11,17,46,LIN,0,0,0,0,0,0,0,0,None,,21
Franklyn,Shagari,69,134,SG,3/9/2015,53,Harlingen,TX,Lamar,2,,0,18,27,23,39,36,38,23,39,57,22,46,24,33,14,26,29,44,34,49,11,11,9,27,16,27,42,14,33,17,75,FLE,0,0,0,0,0,0,0,0,None,,4
Kendrick,Mettler,75,175,PF,7/8/2015,40,Prichard,AL,Alabama,1,,0,2,5,2,5,2,5,2,5,9,2,5,2,5,2,5,2,5,2,5,2,5,2,5,2,5,49,2,2,2,53,FA,0,0,0,0,0,0,0,0,None,,35
Steve,McAteer,78,193,C,11/4/2015,35,Grand Forks,ND,North Dakota State,1,,0,2,4,2,4,2,5,2,4,3,2,4,2,4,2,4,2,4,2,4,2,4,2,4,2,4,41,2,2,2,63,FA,0,0,0,0,0,0,0,0,None,,37
Chris,Miller,75,151,PG,11/24/2009,22,East La Mirada,CA,Oregon,0,,0,2,5,2,5,2,5,2,5,17,2,5,2,5,2,5,2,5,2,5,2,5,1,1,2,5,63,2,2,2,95,Draft,0,0,0,0,0,0,0,0,None,,69
Sebastian,Cunha,80,184,SG,12/9/2009,5,Lennox,CA,Long Beach State,0,,0,2,5,2,5,2,5,2,4,4,2,4,2,5,2,5,2,5,2,5,2,5,2,5,2,5,55,2,2,2,79,Draft,0,0,0,0,0,0,0,0,None,,37
Winford,Minks,79,211,C,9/19/2015,21,Dallas,TX,Oklahoma,2,,0,2,4,2,4,2,5,2,3,4,2,4,2,4,2,4,2,4,2,4,2,4,2,4,2,4,25,2,2,2,57,FA,0,0,0,0,0,0,0,0,None,,42
Brian,Collins,75,206,SG,6/6/2013,15,Gaffney,SC,None,0,,0,1,1,2,5,2,5,2,5,13,2,5,2,5,2,5,2,5,2,5,2,4,2,5,2,5,53,2,2,2,88,Draft,0,0,0,0,0,0,0,0,None,,51
Jean-baptiste,Kwok,75,188,C,2/11/2015,24,Albany,CA,Stanford,0,,0,2,5,2,5,2,5,2,5,5,2,5,2,5,2,5,2,5,2,5,2,5,2,5,2,5,50,2,2,2,64,FA,0,0,0,0,0,0,0,0,None,,90
Jasper,Yildirim,76,184,C,7/11/2015,30,Crawfordsville,IN,Murray State,0,Sprained Knee,0,2,5,2,5,2,5,2,5,5,2,5,2,5,2,5,2,5,2,5,2,5,2,5,2,5,56,2,2,2,87,FA,0,0,0,0,0,0,0,0,None,,22
Adolfas,Segawa,75,182,SF,5/14/2015,5,Johnstown,PA,Temple,2,,0,28,39,17,18,15,34,5,10,6,12,16,10,17,20,52,13,18,13,21,42,64,48,48,44,62,51,47,12,21,54,MEM,0,0,0,0,0,0,0,0,None,,34
James,Shorey,79,201,C,12/26/2015,41,Barnes Lake-Millers Lake,MI,Davidson,1,,0,2,5,2,5,2,5,2,5,5,2,5,2,5,2,5,2,5,2,5,2,5,2,5,2,5,60,2,2,2,71,FA,0,0,0,0,0,0,0,0,None,,12
Barnabas,Hauser,69,136,SF,2/23/2015,1,Compiègne,France,None,0,,0,25,34,16,41,23,45,15,28,45,19,33,21,38,15,29,33,39,32,42,22,24,25,35,19,48,47,31,17,32,64,ALB,0,0,0,0,0,0,0,0,None,,74
Alpaslan,Hamada,73,172,C,11/20/2015,35,Winnfield,LA,Northwestern State,2,,0,41,62,20,24,9,22,3,6,2,10,12,8,23,26,40,13,21,9,18,32,48,45,47,38,66,66,32,13,20,72,WET,0,0,0,0,0,0,0,0,None,,64
John,Venuti,75,175,PF,1/3/2015,35,Huntington Station,NY,Middle Tennessee,1,,0,2,5,2,5,2,5,2,5,9,2,5,2,5,2,5,2,5,2,5,2,5,2,5,2,5,71,2,2,2,70,FA,0,0,0,0,0,0,0,0,None,,79
Matthew,Brown,73,170,PG,10/5/2009,33,Lansing,MI,Oakland,0,,0,2,5,2,5,2,5,2,5,2,2,5,2,5,2,5,2,5,2,5,2,5,2,5,2,5,2,2,2,2,2,FA,0,0,0,0,0,0,0,0,None,,57
Willie,Fick,74,189,SF,5/26/2015,6,San Antonio,TX,Lamar,1,,0,2,5,2,5,2,5,2,5,33,2,5,2,5,2,5,2,5,2,5,2,5,2,5,2,5,64,2,2,2,68,FA,0,0,0,0,0,0,0,0,None,,55
David,White,77,196,SG,9/21/2009,26,Douglas,WY,Louisiana State,0,,0,2,5,2,5,2,5,2,5,30,2,5,2,5,2,5,2,5,2,5,2,5,2,3,2,3,49,2,2,2,88,Draft,0,0,0,0,0,0,0,0,None,,44
Terry,Thrift,69,135,SF,5/2/2016,12,Galesburg,IL,Dayton,0,,0,19,33,16,31,20,43,13,29,37,20,27,27,29,22,22,25,34,29,29,10,36,20,23,22,31,66,23,30,19,89,DAL,0,0,0,0,0,0,0,0,None,,38
Dong,Brockington,69,136,PG,7/25/2015,5,Yuba City,CA,Arizona,1,,0,13,35,38,61,25,40,25,56,56,24,35,20,28,17,29,28,48,21,45,10,20,9,17,19,32,38,12,13,22,79,JER,0,0,0,0,0,0,0,0,None,,78
Milojica,Chrysler,77,184,C,1/14/2015,43,Saint-Étienne-du-Rouvray,France,None,1,,0,2,5,2,5,2,5,2,5,7,2,5,2,5,2,5,2,5,2,5,2,5,2,5,2,5,74,2,2,2,54,FA,0,0,0,0,0,0,0,0,None,,71
Ned,Culbertson,76,180,PF,8/26/2015,52,Greenville,NC,Maryland-East Shore,2,,0,2,5,2,5,2,5,2,5,12,2,5,2,5,2,5,2,5,2,5,2,5,2,5,2,5,24,2,2,2,62,FA,0,0,0,0,0,0,0,0,None,,62
Saulius,Cimini,72,152,SF,1/27/2016,14,East Peoria,IL,Kansas,0,,0,17,40,22,38,23,48,33,49,29,24,42,24,39,17,33,22,44,35,46,9,15,9,23,16,23,37,21,33,22,89,DAL,0,0,0,0,0,0,0,0,None,,19
Jeffry,Antanina,76,160,C,2/5/2016,15,Charleston,WV,Arkansas,0,,0,23,43,18,27,22,29,11,21,21,17,32,9,20,27,56,17,21,6,22,16,39,28,53,30,56,20,25,14,33,72,LIN,0,0,0,0,0,0,0,0,None,,95
Cipriano,McElhannon,75,181,C,3/7/2015,45,Wabash,IN,Butler,2,,0,28,56,14,14,16,19,6,8,3,8,17,15,17,37,39,12,17,16,20,43,47,23,41,37,43,41,22,10,38,84,MEM,0,0,0,0,0,0,0,0,None,,97
Bernie,Holz,70,153,SG,11/3/2015,41,La Crosse,WI,Notre Dame,2,,0,30,41,33,33,15,42,20,31,23,25,36,25,34,32,32,23,49,13,38,14,20,20,34,27,43,20,16,28,25,79,QUA,0,0,0,0,0,0,0,0,None,,51
Keith,Hertzler,79,178,C,6/11/2016,28,New York,NY,UL-Lafayette,1,,0,77,90,29,45,29,45,11,15,6,20,35,29,34,61,69,18,30,25,39,72,99,58,64,60,99,75,73,26,59,41,DAL,0,0,0,0,0,0,0,0,None,,87
Fabrice,Weidenbach,70,127,SF,1/17/2016,12,Maykop,Russia,None,0,,0,23,45,21,56,16,33,28,50,34,18,38,28,37,14,46,21,35,23,50,15,40,32,38,32,52,64,28,12,19,80,LIN,0,0,0,0,0,0,0,0,None,,67
Bo,Brinker,70,148,PF,2/10/2016,32,Lancaster,SC,Citadel,0,,0,28,39,19,34,12,38,12,14,3,8,19,19,27,35,35,8,32,13,27,28,31,24,32,26,39,71,31,19,22,92,DAL,0,0,0,0,0,0,0,0,None,,39
Luigi,Bourdon,72,161,PF,9/15/2016,14,Houston,TX,Southeastern Louisiana,0,,0,40,60,24,27,11,34,15,15,20,22,26,13,30,32,36,17,28,15,26,27,59,32,41,38,66,34,46,13,30,79,LOU,0,0,0,0,0,0,0,0,None,,38
Oliver,McGary,72,167,SF,2/17/2015,23,Hinesville,GA,Michigan State,0,,0,2,5,2,5,2,5,2,5,33,2,5,2,5,2,5,2,5,2,5,2,5,2,5,2,5,61,2,2,2,63,FA,0,0,0,0,0,0,0,0,None,,81
Ronald,Bartkowski,72,150,C,2/20/2016,35,Milford,OH,Utah State,1,,0,29,39,9,23,25,31,4,10,0,11,17,14,21,24,54,10,19,14,15,38,61,27,40,33,43,71,34,8,17,84,MTL,0,0,0,0,0,0,0,0,None,,62
Baldomero,Oslund,67,127,SF,1/13/2015,12,Waterford,MI,Connecticut,0,,0,17,28,28,42,14,40,22,29,41,18,21,27,34,29,41,33,36,28,28,19,34,20,26,26,30,37,33,25,25,79,ALB,0,0,0,0,0,0,0,0,None,,14
Brian,Beck,80,202,C,12/3/2010,32,Oak Lawn,IL,None,2,Concussion,0,2,5,2,5,2,5,2,5,2,2,5,2,5,2,5,2,5,2,5,2,5,2,5,2,5,2,2,2,2,2,FA,0,0,0,0,0,0,0,0,None,,93
Reed,Fassett,79,193,C,12/13/2016,50,University Park,MD,Long Island,0,,0,27,43,10,13,17,25,6,6,6,8,15,11,18,20,39,11,18,12,20,44,46,31,40,39,39,60,34,15,27,55,JER,0,0,0,0,0,0,0,0,None,,62
Mark,Frierson,79,205,PF,7/31/2009,52,Olympia,WA,Washington State,0,,0,2,5,2,5,2,5,0,0,0,2,5,2,5,2,5,2,5,2,5,2,5,2,5,2,5,83,2,2,2,61,Draft,0,0,0,0,0,0,0,0,None,,27
